season,team_id,team_name,W,L,win_pct,off_rating,def_rating,pace,fg3_pct,fg3a,reb_pct,rpg,stl,blk,stl_blk
1996-97,1610612737,Atlanta Hawks,56,26,0.683,106.4,100.3,88.54,0.36,22.4,0.505,41.1,8.5,5.2,13.7
1997-98,1610612737,Atlanta Hawks,50,32,0.61,106.5,102.5,89.1,0.332,12.4,0.518,43.0,7.9,6.0,13.9
1998-99,1610612737,Atlanta Hawks,31,19,0.62,98.4,95.3,87.1,0.306,12.9,0.527,43.5,6.9,5.2,12.1
1999-00,1610612737,Atlanta Hawks,28,54,0.341,100.1,105.8,93.55,0.317,9.9,0.516,45.3,6.1,5.6,11.7
2000-01,1610612737,Atlanta Hawks,25,57,0.305,96.9,102.4,93.63,0.357,11.4,0.501,42.9,7.7,4.7,12.4
2001-02,1610612737,Atlanta Hawks,33,49,0.402,100.4,104.8,93.21,0.354,14.6,0.491,41.5,8.1,4.3,12.4
2002-03,1610612737,Atlanta Hawks,35,47,0.427,100.4,104.2,92.63,0.352,13.9,0.499,42.6,7.5,5.8,13.3
2003-04,1610612737,Atlanta Hawks,28,54,0.341,99.1,103.9,92.68,0.335,15.2,0.5,42.7,7.6,5.0,12.6
2004-05,1610612737,Atlanta Hawks,13,69,0.159,98.8,109.0,93.09,0.312,11.9,0.502,41.9,7.7,4.2,11.9
2005-06,1610612737,Atlanta Hawks,26,56,0.317,104.8,110.1,91.75,0.367,14.1,0.496,40.3,7.2,4.8,12.0
2006-07,1610612737,Atlanta Hawks,30,52,0.366,102.0,107.0,90.98,0.329,12.7,0.499,40.1,7.4,5.4,12.8
2007-08,1610612737,Atlanta Hawks,37,45,0.451,105.5,107.3,92.35,0.356,13.1,0.506,42.2,7.3,5.5,12.8
2008-09,1610612737,Atlanta Hawks,47,35,0.573,108.3,106.7,90.44,0.366,19.9,0.49,40.0,7.4,4.6,12.0
2009-10,1610612737,Atlanta Hawks,53,29,0.646,111.0,106.0,90.77,0.36,17.7,0.502,41.7,7.2,5.0,12.2
2010-11,1610612737,Atlanta Hawks,44,38,0.537,105.1,105.8,90.22,0.352,17.4,0.494,39.3,6.1,4.2,10.3
2011-12,1610612737,Atlanta Hawks,40,26,0.606,104.2,100.4,90.88,0.37,20.2,0.493,41.2,8.1,4.6,12.7
2012-13,1610612737,Atlanta Hawks,44,38,0.537,103.7,103.4,93.56,0.371,23.2,0.482,40.9,8.1,4.5,12.6
2013-14,1610612737,Atlanta Hawks,38,44,0.463,104.9,105.7,95.41,0.363,25.8,0.485,40.0,8.3,4.0,12.3
2014-15,1610612737,Atlanta Hawks,60,22,0.732,108.2,102.3,94.66,0.38,26.2,0.487,40.6,9.1,4.6,13.7
2015-16,1610612737,Atlanta Hawks,48,34,0.585,104.6,100.8,97.63,0.35,28.4,0.474,42.1,9.1,5.9,15.0
2016-17,1610612737,Atlanta Hawks,43,39,0.524,104.5,105.2,97.76,0.341,26.1,0.502,44.3,8.2,4.8,13.0
2017-18,1610612737,Atlanta Hawks,24,58,0.293,104.4,110.1,98.76,0.36,31.0,0.489,41.9,7.8,4.2,12.0
2018-19,1610612737,Atlanta Hawks,29,53,0.354,107.5,113.1,104.56,0.352,37.0,0.496,46.1,8.2,5.1,13.3
2019-20,1610612737,Atlanta Hawks,20,47,0.299,107.0,114.4,103.28,0.333,36.1,0.484,43.3,7.8,5.1,12.9
2020-21,1610612737,Atlanta Hawks,41,31,0.569,114.3,112.1,98.68,0.373,33.4,0.516,45.6,7.0,4.8,11.8
2021-22,1610612737,Atlanta Hawks,43,39,0.524,115.4,113.7,98.67,0.374,34.4,0.501,44.0,7.2,4.2,11.4
2022-23,1610612737,Atlanta Hawks,41,41,0.5,115.5,115.4,101.56,0.352,30.5,0.5,44.4,7.1,4.9,12.0
2023-24,1610612737,Atlanta Hawks,36,46,0.439,116.4,118.4,100.84,0.364,37.7,0.504,44.7,7.5,4.5,12.0
2024-25,1610612737,Atlanta Hawks,40,42,0.488,113.7,114.8,103.41,0.358,37.7,0.503,44.5,9.7,5.1,14.8
2025-26,1610612737,Atlanta Hawks,46,36,0.561,115.0,112.9,102.5,0.371,39.5,0.495,43.5,9.4,4.7,14.100000000000001
1996-97,1610612738,Boston Celtics,15,67,0.183,102.9,110.1,96.78,0.351,16.2,0.482,40.0,9.9,3.8,13.7
1997-98,1610612738,Boston Celtics,36,46,0.439,100.8,103.5,94.9,0.332,15.2,0.484,39.5,12.0,4.5,16.5
1998-99,1610612738,Boston Celtics,19,31,0.38,98.7,100.8,93.02,0.36,15.2,0.493,42.8,9.1,5.1,14.2
1999-00,1610612738,Boston Celtics,35,47,0.427,102.9,103.9,96.19,0.331,15.4,0.506,43.0,9.7,3.5,13.2
2000-01,1610612738,Boston Celtics,36,46,0.439,100.1,102.3,93.81,0.363,19.9,0.478,39.8,9.4,4.1,13.5
2001-02,1610612738,Boston Celtics,49,33,0.598,102.1,99.9,93.6,0.359,23.7,0.481,42.2,9.7,3.6,13.3
2002-03,1610612738,Boston Celtics,44,38,0.537,100.0,100.5,91.95,0.334,26.3,0.474,40.5,8.8,3.7,12.5
2003-04,1610612738,Boston Celtics,36,46,0.439,100.7,102.2,94.47,0.346,19.5,0.473,40.1,9.4,4.0,13.4
2004-05,1610612738,Boston Celtics,45,37,0.549,105.9,105.1,94.61,0.349,15.3,0.494,40.8,8.1,5.2,13.3
2005-06,1610612738,Boston Celtics,33,49,0.402,104.0,105.6,93.27,0.362,15.7,0.497,39.6,7.0,5.1,12.1
2006-07,1610612738,Boston Celtics,24,58,0.293,102.3,105.8,92.91,0.367,15.6,0.502,40.4,7.2,4.7,11.9
2007-08,1610612738,Boston Celtics,66,16,0.805,108.8,98.1,91.88,0.381,19.1,0.518,42.0,8.5,4.6,13.1
2008-09,1610612738,Boston Celtics,62,20,0.756,109.5,101.6,91.15,0.397,16.5,0.524,42.1,7.6,4.7,12.3
2009-10,1610612738,Boston Celtics,50,32,0.61,106.9,103.2,92.22,0.348,17.5,0.493,38.6,8.5,4.9,13.4
2010-11,1610612738,Boston Celtics,56,26,0.683,105.5,99.8,90.92,0.365,13.6,0.497,38.8,8.2,4.2,12.4
2011-12,1610612738,Boston Celtics,39,27,0.591,100.1,97.5,91.11,0.367,15.0,0.478,38.8,7.5,5.5,13.0
2012-13,1610612738,Boston Celtics,41,40,0.506,102.2,102.6,92.46,0.358,17.2,0.477,39.3,8.2,4.5,12.7
2013-14,1610612738,Boston Celtics,25,57,0.305,101.9,106.5,94.28,0.333,21.1,0.505,42.5,7.1,4.2,11.3
2014-15,1610612738,Boston Celtics,40,42,0.488,103.8,103.5,96.71,0.327,24.6,0.495,43.8,8.2,3.6,11.8
2015-16,1610612738,Boston Celtics,48,34,0.585,105.8,102.5,99.43,0.335,26.1,0.495,44.9,9.2,4.2,13.4
2016-17,1610612738,Boston Celtics,53,29,0.646,110.6,108.0,97.21,0.359,33.4,0.485,42.0,7.5,4.1,11.6
2017-18,1610612738,Boston Celtics,55,27,0.671,106.8,103.2,96.75,0.377,30.4,0.504,44.5,7.4,4.5,11.9
2018-19,1610612738,Boston Celtics,49,33,0.598,111.3,107.0,100.43,0.365,34.5,0.495,44.5,8.6,5.3,13.9
2019-20,1610612738,Boston Celtics,48,24,0.667,112.8,106.5,99.92,0.364,34.5,0.509,46.1,8.3,5.6,13.9
2020-21,1610612738,Boston Celtics,36,36,0.5,113.1,111.8,98.94,0.374,36.4,0.51,44.3,7.7,5.3,13.0
2021-22,1610612738,Boston Celtics,51,31,0.622,113.6,106.2,97.26,0.356,37.1,0.509,46.1,7.2,5.8,13.0
2022-23,1610612738,Boston Celtics,57,25,0.695,117.3,110.6,99.15,0.377,42.6,0.506,45.3,6.4,5.2,11.6
2023-24,1610612738,Boston Celtics,64,18,0.78,122.2,110.6,97.98,0.388,42.5,0.515,46.3,6.8,6.6,13.4
2024-25,1610612738,Boston Celtics,61,21,0.744,119.5,110.1,96.59,0.368,48.2,0.506,45.3,7.2,5.5,12.7
2025-26,1610612738,Boston Celtics,56,26,0.683,120.0,111.7,95.58,0.367,42.1,0.525,46.4,7.1,5.0,12.1
2012-13,1610612751,Brooklyn Nets,49,33,0.598,106.9,104.8,89.88,0.357,21.5,0.52,42.8,7.3,4.8,12.1
2013-14,1610612751,Brooklyn Nets,44,38,0.537,105.4,106.7,92.42,0.369,23.4,0.475,38.1,8.6,3.8,12.4
2014-15,1610612751,Brooklyn Nets,38,44,0.463,103.4,106.3,93.69,0.331,19.9,0.491,42.4,7.0,4.1,11.1
2015-16,1610612751,Brooklyn Nets,21,61,0.256,102.4,109.7,96.12,0.352,18.4,0.494,42.4,7.6,4.0,11.6
2016-17,1610612751,Brooklyn Nets,20,62,0.244,103.6,110.1,101.75,0.338,31.6,0.483,43.9,7.2,4.7,11.9
2017-18,1610612751,Brooklyn Nets,28,54,0.341,106.1,109.7,99.66,0.356,35.7,0.489,44.4,6.2,4.8,11.0
2018-19,1610612751,Brooklyn Nets,42,40,0.512,108.9,109.0,101.52,0.353,36.2,0.501,46.6,6.6,4.1,10.7
2019-20,1610612751,Brooklyn Nets,35,37,0.486,108.7,109.2,101.7,0.343,38.1,0.511,47.9,6.4,4.5,10.9
2020-21,1610612751,Brooklyn Nets,48,24,0.667,117.3,113.1,100.27,0.392,36.1,0.503,44.4,6.7,5.3,12.0
2021-22,1610612751,Brooklyn Nets,44,38,0.537,113.2,112.3,99.4,0.361,31.7,0.499,44.4,7.1,5.5,12.6
2022-23,1610612751,Brooklyn Nets,45,37,0.549,114.6,113.5,98.77,0.378,33.8,0.472,40.5,7.1,6.2,13.3
2023-24,1610612751,Brooklyn Nets,32,50,0.39,112.4,115.4,97.56,0.362,36.7,0.497,44.1,6.8,5.2,12.0
2024-25,1610612751,Brooklyn Nets,26,56,0.317,108.1,115.4,96.73,0.344,39.4,0.487,41.3,7.8,4.3,12.1
2025-26,1610612751,Brooklyn Nets,20,62,0.244,108.2,118.2,97.6,0.34,38.4,0.478,39.3,8.0,4.3,12.3
2004-05,1610612766,Charlotte Bobcats,18,64,0.22,99.8,106.0,93.54,0.363,10.7,0.492,41.7,8.5,5.4,13.9
2005-06,1610612766,Charlotte Bobcats,26,56,0.317,101.2,105.6,94.57,0.339,15.4,0.479,39.8,10.0,4.3,14.3
2006-07,1610612766,Charlotte Bobcats,33,49,0.402,102.4,106.3,93.11,0.357,15.6,0.485,39.8,7.8,4.5,12.3
2007-08,1610612766,Charlotte Bobcats,32,50,0.39,103.7,108.2,92.75,0.367,17.6,0.483,40.6,7.5,4.9,12.4
2008-09,1610612766,Charlotte Bobcats,35,47,0.427,103.7,105.0,89.18,0.366,16.3,0.504,39.7,7.1,4.8,11.9
2009-10,1610612766,Charlotte Bobcats,44,38,0.537,103.9,102.0,90.91,0.346,16.2,0.51,40.8,7.7,5.4,13.1
2010-11,1610612766,Charlotte Bobcats,34,48,0.415,102.8,107.0,90.3,0.327,14.7,0.502,40.1,6.4,5.3,11.7
2011-12,1610612766,Charlotte Bobcats,7,59,0.106,94.4,109.4,91.86,0.295,13.5,0.474,39.0,6.0,5.5,11.5
2012-13,1610612766,Charlotte Bobcats,21,61,0.256,100.4,110.3,92.49,0.335,17.1,0.486,40.3,7.2,5.8,13.0
2013-14,1610612766,Charlotte Bobcats,43,39,0.524,103.0,103.3,92.93,0.351,17.9,0.5,42.7,6.1,5.1,11.2
1996-97,1610612766,Charlotte Hornets,54,28,0.659,109.1,107.1,90.04,0.428,16.9,0.495,39.1,7.3,4.3,11.6
1997-98,1610612766,Charlotte Hornets,51,31,0.622,105.5,103.3,91.13,0.383,11.0,0.51,40.6,8.4,3.8,12.2
1998-99,1610612766,Charlotte Hornets,26,24,0.52,100.4,100.4,91.43,0.365,14.7,0.482,39.5,8.9,4.9,13.8
1999-00,1610612766,Charlotte Hornets,49,33,0.598,102.5,99.7,95.58,0.339,12.2,0.501,42.9,8.9,5.9,14.8
2000-01,1610612766,Charlotte Hornets,46,36,0.561,99.7,97.6,91.24,0.346,12.0,0.513,44.4,8.1,5.5,13.6
2001-02,1610612766,Charlotte Hornets,44,38,0.537,102.9,101.8,90.93,0.348,12.1,0.511,43.5,8.0,5.6,13.6
2014-15,1610612766,Charlotte Hornets,33,49,0.402,99.6,103.0,93.45,0.318,19.1,0.502,44.1,6.1,5.5,11.6
2015-16,1610612766,Charlotte Hornets,48,34,0.585,106.4,103.7,96.24,0.362,29.4,0.499,43.9,7.3,5.3,12.6
2016-17,1610612766,Charlotte Hornets,36,46,0.439,108.4,108.4,95.92,0.351,28.6,0.496,43.6,7.0,4.8,11.8
2017-18,1610612766,Charlotte Hornets,36,46,0.439,109.0,109.0,98.66,0.369,27.2,0.512,45.5,6.8,4.5,11.3
2018-19,1610612766,Charlotte Hornets,39,43,0.476,110.7,112.0,99.18,0.351,33.9,0.495,43.8,7.2,4.9,12.1
2019-20,1610612766,Charlotte Hornets,23,42,0.354,105.9,112.8,96.24,0.352,34.3,0.486,42.8,6.6,4.1,10.7
2020-21,1610612766,Charlotte Hornets,33,39,0.458,110.1,112.0,99.0,0.369,37.0,0.496,43.8,7.8,4.8,12.6
2021-22,1610612766,Charlotte Hornets,43,39,0.524,113.6,113.1,100.52,0.365,38.2,0.486,44.6,8.6,4.9,13.5
2022-23,1610612766,Charlotte Hornets,27,55,0.329,108.4,114.7,101.47,0.33,32.5,0.491,44.5,7.7,5.2,12.9
2023-24,1610612766,Charlotte Hornets,21,61,0.256,108.6,119.2,97.81,0.355,34.0,0.475,40.3,6.9,4.5,11.4
2024-25,1610612766,Charlotte Hornets,19,63,0.232,106.7,115.7,98.22,0.339,38.3,0.5,45.2,7.4,4.5,11.9
2025-26,1610612766,Charlotte Hornets,44,38,0.537,118.4,113.5,97.6,0.378,43.3,0.539,46.1,7.0,4.5,11.5
1996-97,1610612741,Chicago Bulls,69,13,0.841,112.4,100.7,91.5,0.373,17.1,0.524,45.1,8.7,4.0,12.7
1997-98,1610612741,Chicago Bulls,62,20,0.756,106.2,98.4,90.3,0.323,11.7,0.527,44.9,8.5,4.3,12.8
1998-99,1610612741,Chicago Bulls,13,37,0.26,91.4,101.7,89.19,0.29,12.2,0.482,39.3,8.7,3.4,12.1
1999-00,1610612741,Chicago Bulls,17,65,0.207,92.8,102.8,90.93,0.329,12.6,0.499,40.9,7.9,4.7,12.6
2000-01,1610612741,Chicago Bulls,15,67,0.183,95.9,105.9,90.47,0.346,11.6,0.48,38.9,8.2,4.6,12.8
2001-02,1610612741,Chicago Bulls,21,61,0.256,97.2,106.2,91.56,0.346,10.6,0.487,40.0,7.7,4.4,12.1
2002-03,1610612741,Chicago Bulls,30,52,0.366,99.1,104.2,94.76,0.35,12.2,0.492,43.0,7.4,5.6,13.0
2003-04,1610612741,Chicago Bulls,23,59,0.28,95.6,102.1,93.23,0.342,15.3,0.491,43.5,8.0,4.8,12.8
2004-05,1610612741,Chicago Bulls,47,35,0.573,100.5,99.1,93.41,0.357,17.5,0.506,43.8,7.0,4.5,11.5
2005-06,1610612741,Chicago Bulls,41,41,0.5,103.3,102.7,93.59,0.379,18.0,0.503,42.8,6.2,4.2,10.4
2006-07,1610612741,Chicago Bulls,49,33,0.598,104.0,98.8,94.47,0.388,15.1,0.514,43.7,7.8,5.4,13.2
2007-08,1610612741,Chicago Bulls,33,49,0.402,102.9,106.0,94.04,0.363,15.9,0.5,43.0,7.7,5.2,12.9
2008-09,1610612741,Chicago Bulls,41,41,0.5,107.2,107.5,94.1,0.381,15.8,0.498,42.1,7.5,5.5,13.0
2009-10,1610612741,Chicago Bulls,41,41,0.5,102.6,104.2,94.02,0.33,13.0,0.509,44.5,6.5,5.8,12.3
2010-11,1610612741,Chicago Bulls,62,20,0.756,107.2,99.5,91.2,0.361,17.3,0.528,44.2,7.2,5.7,12.9
2011-12,1610612741,Chicago Bulls,50,16,0.758,106.3,97.5,89.98,0.375,16.9,0.536,46.7,6.9,5.9,12.8
2012-13,1610612741,Chicago Bulls,45,37,0.549,102.4,101.9,90.35,0.353,15.4,0.514,43.2,7.2,5.1,12.3
2013-14,1610612741,Chicago Bulls,48,34,0.585,101.7,99.9,90.84,0.348,17.8,0.518,44.1,7.2,5.2,12.4
2014-15,1610612741,Chicago Bulls,50,32,0.61,106.3,103.3,93.8,0.353,22.3,0.516,45.7,6.3,5.8,12.1
2015-16,1610612741,Chicago Bulls,42,40,0.512,104.1,105.5,96.6,0.371,21.4,0.506,46.3,6.0,5.7,11.7
2016-17,1610612741,Chicago Bulls,41,41,0.5,106.5,106.2,96.02,0.34,22.3,0.519,46.3,7.8,4.8,12.6
2017-18,1610612741,Chicago Bulls,27,55,0.329,103.4,110.5,98.65,0.355,31.1,0.5,44.7,7.6,3.5,11.1
2018-19,1610612741,Chicago Bulls,22,60,0.268,104.5,112.8,99.3,0.351,25.9,0.483,42.9,7.4,4.3,11.7
2019-20,1610612741,Chicago Bulls,22,43,0.338,105.8,108.9,100.46,0.348,35.1,0.481,41.9,10.0,4.1,14.1
2020-21,1610612741,Chicago Bulls,31,41,0.431,110.4,111.5,99.58,0.37,34.0,0.519,45.0,6.7,4.2,10.9
2021-22,1610612741,Chicago Bulls,46,36,0.561,112.7,113.2,98.76,0.369,28.8,0.495,42.3,7.1,4.1,11.2
2022-23,1610612741,Chicago Bulls,40,42,0.488,112.8,111.5,99.18,0.361,28.9,0.493,42.4,7.9,4.5,12.4
2023-24,1610612741,Chicago Bulls,39,43,0.476,114.0,115.7,96.94,0.358,32.1,0.501,43.8,7.8,4.8,12.6
2024-25,1610612741,Chicago Bulls,39,43,0.476,113.2,114.8,103.61,0.367,42.0,0.496,45.9,7.6,4.7,12.3
2025-26,1610612741,Chicago Bulls,31,51,0.378,112.1,117.4,103.22,0.356,40.1,0.496,45.0,7.6,5.0,12.6
1996-97,1610612739,Cleveland Cavaliers,42,40,0.512,102.7,100.8,84.31,0.376,15.7,0.499,37.4,8.0,3.8,11.8
1997-98,1610612739,Cleveland Cavaliers,47,35,0.573,100.3,97.5,91.43,0.372,9.8,0.508,40.1,9.9,5.1,15.0
1998-99,1610612739,Cleveland Cavaliers,22,28,0.44,98.2,100.1,87.66,0.341,10.7,0.478,35.8,9.0,4.1,13.1
1999-00,1610612739,Cleveland Cavaliers,32,50,0.39,98.7,102.2,97.36,0.373,11.2,0.496,42.8,8.7,4.4,13.1
2000-01,1610612739,Cleveland Cavaliers,30,52,0.366,99.3,103.5,92.32,0.334,8.0,0.505,42.1,7.8,5.3,13.1
2001-02,1610612739,Cleveland Cavaliers,29,53,0.354,103.4,107.0,91.31,0.377,12.5,0.505,42.1,7.0,5.7,12.7
2002-03,1610612739,Cleveland Cavaliers,17,65,0.207,95.2,105.1,95.32,0.327,10.9,0.513,44.6,7.8,6.4,14.2
2003-04,1610612739,Cleveland Cavaliers,35,47,0.427,100.6,103.1,91.71,0.314,9.6,0.514,45.6,7.1,6.5,13.6
2004-05,1610612739,Cleveland Cavaliers,42,40,0.512,105.3,104.7,90.72,0.332,11.0,0.51,42.3,8.0,5.6,13.6
2005-06,1610612739,Cleveland Cavaliers,50,32,0.61,106.6,104.4,90.77,0.339,17.9,0.514,42.3,6.9,4.8,11.7
2006-07,1610612739,Cleveland Cavaliers,50,32,0.61,104.4,100.6,91.59,0.352,17.1,0.518,43.5,7.6,4.3,11.9
2007-08,1610612739,Cleveland Cavaliers,45,37,0.549,104.8,105.4,91.06,0.358,18.8,0.518,44.6,7.1,5.2,12.3
2008-09,1610612739,Cleveland Cavaliers,66,16,0.805,111.2,101.6,89.61,0.393,20.4,0.512,42.2,7.2,5.3,12.5
2009-10,1610612739,Cleveland Cavaliers,61,21,0.744,110.6,103.8,91.77,0.381,19.3,0.519,42.5,6.9,5.2,12.1
2010-11,1610612739,Cleveland Cavaliers,19,63,0.232,101.5,110.9,93.76,0.342,18.2,0.485,40.3,6.6,4.2,10.8
2011-12,1610612739,Cleveland Cavaliers,21,45,0.318,100.0,107.6,92.34,0.346,19.3,0.496,42.3,7.1,4.0,11.1
2012-13,1610612739,Cleveland Cavaliers,24,58,0.293,103.2,108.2,93.25,0.346,19.3,0.5,41.0,7.9,4.1,12.0
2013-14,1610612739,Cleveland Cavaliers,33,49,0.402,103.5,107.0,93.69,0.356,20.0,0.508,44.1,7.1,3.7,10.8
2014-15,1610612739,Cleveland Cavaliers,53,29,0.646,110.1,105.3,93.23,0.367,27.5,0.513,43.0,7.4,4.1,11.5
2015-16,1610612739,Cleveland Cavaliers,57,25,0.695,110.2,103.9,93.82,0.362,29.6,0.519,44.5,6.7,3.9,10.6
2016-17,1610612739,Cleveland Cavaliers,51,31,0.622,112.8,109.7,96.74,0.384,33.9,0.499,43.7,6.6,4.0,10.6
2017-18,1610612739,Cleveland Cavaliers,50,32,0.61,112.0,111.1,98.72,0.372,32.1,0.492,42.1,7.1,3.8,10.9
2018-19,1610612739,Cleveland Cavaliers,19,63,0.232,106.8,116.8,97.37,0.355,29.1,0.496,42.7,6.5,2.4,8.9
2019-20,1610612739,Cleveland Cavaliers,19,46,0.292,106.9,114.8,99.17,0.351,31.8,0.512,44.2,6.9,3.2,10.1
2020-21,1610612739,Cleveland Cavaliers,22,50,0.306,105.2,113.5,97.96,0.336,29.7,0.499,42.8,7.8,4.5,12.3
2021-22,1610612739,Cleveland Cavaliers,44,38,0.537,111.0,108.9,96.83,0.355,32.8,0.506,44.2,7.1,4.2,11.3
2022-23,1610612739,Cleveland Cavaliers,51,31,0.622,115.5,109.9,96.27,0.367,31.6,0.496,41.1,7.1,4.7,11.8
2023-24,1610612739,Cleveland Cavaliers,48,34,0.585,114.7,112.1,97.62,0.367,36.8,0.501,43.3,7.4,4.6,12.0
2024-25,1610612739,Cleveland Cavaliers,64,18,0.78,121.0,111.8,100.31,0.383,41.5,0.505,45.4,8.2,4.3,12.5
2025-26,1610612739,Cleveland Cavaliers,52,30,0.634,118.3,114.1,100.7,0.36,39.8,0.502,44.4,8.5,5.0,13.5
1996-97,1610612742,Dallas Mavericks,24,58,0.293,99.5,106.0,90.65,0.326,16.0,0.488,40.3,8.0,4.3,12.3
1997-98,1610612742,Dallas Mavericks,20,62,0.244,98.9,105.2,91.47,0.357,14.4,0.466,40.1,7.9,5.7,13.6
1998-99,1610612742,Dallas Mavericks,19,31,0.38,100.2,103.0,90.8,0.339,11.9,0.495,42.5,7.0,5.8,12.8
1999-00,1610612742,Dallas Mavericks,40,42,0.488,104.7,105.2,96.64,0.391,16.2,0.466,41.2,7.2,5.1,12.3
2000-01,1610612742,Dallas Mavericks,53,29,0.646,105.6,101.2,94.52,0.381,16.5,0.481,41.5,7.5,6.0,13.5
2001-02,1610612742,Dallas Mavericks,57,25,0.695,110.3,106.0,94.36,0.378,20.1,0.487,42.5,7.1,4.8,11.9
2002-03,1610612742,Dallas Mavericks,60,22,0.732,109.3,101.0,93.75,0.381,20.3,0.478,42.1,8.1,5.5,13.6
2003-04,1610612742,Dallas Mavericks,52,30,0.634,110.4,105.9,94.62,0.348,17.8,0.507,45.3,8.0,5.3,13.3
2004-05,1610612742,Dallas Mavericks,58,24,0.707,108.5,102.6,94.18,0.364,15.5,0.5,42.9,8.6,5.6,14.2
2005-06,1610612742,Dallas Mavericks,60,22,0.732,109.9,103.2,89.3,0.374,13.6,0.522,42.2,7.2,6.0,13.2
2006-07,1610612742,Dallas Mavericks,67,15,0.817,109.7,102.1,90.68,0.381,17.1,0.522,41.9,6.8,5.0,11.8
2007-08,1610612742,Dallas Mavericks,51,31,0.622,109.5,104.7,91.38,0.352,17.1,0.514,43.0,6.0,4.9,10.9
2008-09,1610612742,Dallas Mavericks,50,32,0.61,109.0,107.0,92.68,0.35,19.9,0.504,42.7,7.2,5.2,12.4
2009-10,1610612742,Dallas Mavericks,55,27,0.671,107.8,105.0,93.6,0.372,18.3,0.493,41.7,7.6,5.5,13.1
2010-11,1610612742,Dallas Mavericks,57,25,0.695,108.4,104.1,92.24,0.365,21.6,0.504,41.4,6.8,4.3,11.1
2011-12,1610612742,Dallas Mavericks,36,30,0.545,102.1,100.9,92.61,0.339,22.2,0.493,42.8,8.6,5.1,13.7
2012-13,1610612742,Dallas Mavericks,41,41,0.5,104.7,105.4,95.09,0.372,19.9,0.484,41.9,7.9,5.5,13.4
2013-14,1610612742,Dallas Mavericks,49,33,0.598,109.5,107.2,94.94,0.384,22.9,0.487,40.9,8.6,4.3,12.9
2014-15,1610612742,Dallas Mavericks,50,32,0.61,108.2,104.9,96.4,0.352,25.4,0.477,42.3,8.1,4.5,12.6
2015-16,1610612742,Dallas Mavericks,42,40,0.512,105.5,105.9,95.34,0.344,28.6,0.484,43.1,6.8,3.7,10.5
2016-17,1610612742,Dallas Mavericks,33,49,0.402,104.7,107.7,93.11,0.355,30.2,0.465,38.6,7.5,3.7,11.2
2017-18,1610612742,Dallas Mavericks,24,58,0.293,105.4,108.4,96.53,0.36,32.8,0.478,41.3,7.0,3.8,10.8
2018-19,1610612742,Dallas Mavericks,33,49,0.402,108.7,110.1,99.6,0.34,36.6,0.503,45.3,6.5,4.3,10.8
2019-20,1610612742,Dallas Mavericks,43,32,0.573,115.9,111.2,99.89,0.367,41.3,0.509,46.9,6.1,4.8,10.9
2020-21,1610612742,Dallas Mavericks,42,30,0.583,114.6,112.3,97.94,0.362,38.1,0.496,43.3,6.3,4.3,10.6
2021-22,1610612742,Dallas Mavericks,52,30,0.634,112.5,109.1,95.64,0.35,37.4,0.496,43.0,6.7,4.0,10.7
2022-23,1610612742,Dallas Mavericks,38,44,0.463,115.9,116.1,97.21,0.371,41.0,0.471,38.8,6.3,3.7,10.0
2023-24,1610612742,Dallas Mavericks,50,32,0.61,117.0,114.9,100.6,0.369,39.5,0.485,42.9,6.9,5.0,11.9
2024-25,1610612742,Dallas Mavericks,39,43,0.476,113.7,115.0,100.15,0.364,34.2,0.488,43.0,7.8,5.4,13.2
2025-26,1610612742,Dallas Mavericks,26,56,0.317,110.3,115.5,102.63,0.344,31.9,0.492,44.7,7.5,5.2,12.7
1996-97,1610612743,Denver Nuggets,21,61,0.256,103.1,109.7,93.67,0.372,20.9,0.496,42.0,6.1,5.9,12.0
1997-98,1610612743,Denver Nuggets,11,71,0.134,97.4,110.6,91.06,0.323,10.9,0.482,39.0,8.1,4.8,12.9
1998-99,1610612743,Denver Nuggets,14,36,0.28,101.4,108.6,91.99,0.328,18.4,0.483,40.8,7.5,5.5,13.0
1999-00,1610612743,Denver Nuggets,35,47,0.427,102.2,104.5,95.95,0.336,17.0,0.504,44.7,6.8,7.5,14.3
2000-01,1610612743,Denver Nuggets,40,42,0.488,102.2,104.9,93.98,0.355,17.6,0.497,44.2,6.7,6.6,13.3
2001-02,1610612743,Denver Nuggets,27,55,0.329,100.3,106.6,91.35,0.329,15.7,0.497,41.8,7.5,5.6,13.1
2002-03,1610612743,Denver Nuggets,17,65,0.207,91.2,100.1,92.11,0.278,10.0,0.511,42.4,8.7,5.1,13.8
2003-04,1610612743,Denver Nuggets,43,39,0.524,102.4,101.4,94.64,0.336,12.0,0.498,42.3,9.1,6.3,15.4
2004-05,1610612743,Denver Nuggets,49,33,0.598,104.7,102.6,94.68,0.34,11.5,0.497,42.0,9.1,6.0,15.1
2005-06,1610612743,Denver Nuggets,44,38,0.537,104.4,104.1,94.9,0.325,13.1,0.494,41.3,8.5,5.6,14.1
2006-07,1610612743,Denver Nuggets,45,37,0.549,106.7,105.1,98.2,0.336,17.6,0.502,43.4,8.3,5.3,13.6
2007-08,1610612743,Denver Nuggets,50,32,0.61,108.9,105.5,100.58,0.355,19.6,0.494,44.1,9.2,6.7,15.9
2008-09,1610612743,Denver Nuggets,54,28,0.659,109.0,105.6,95.39,0.371,18.0,0.503,41.6,8.7,6.0,14.7
2009-10,1610612743,Denver Nuggets,53,29,0.646,110.8,106.5,95.61,0.359,18.5,0.498,41.4,8.3,5.1,13.4
2010-11,1610612743,Denver Nuggets,50,32,0.61,111.7,106.8,96.06,0.388,20.8,0.506,42.0,7.4,4.3,11.7
2011-12,1610612743,Denver Nuggets,38,28,0.576,108.3,105.1,95.03,0.332,19.9,0.515,43.1,8.2,5.0,13.2
2012-13,1610612743,Denver Nuggets,57,25,0.695,109.3,104.2,95.92,0.343,18.5,0.513,45.0,9.3,6.5,15.8
2013-14,1610612743,Denver Nuggets,36,46,0.439,105.1,107.3,98.95,0.358,23.9,0.505,45.4,7.5,5.6,13.1
2014-15,1610612743,Denver Nuggets,30,52,0.366,103.9,107.1,96.87,0.325,24.8,0.494,44.7,7.8,4.5,12.3
2015-16,1610612743,Denver Nuggets,33,49,0.402,104.9,108.2,96.34,0.338,23.7,0.513,44.6,7.4,4.8,12.2
2016-17,1610612743,Denver Nuggets,40,42,0.488,112.2,111.7,99.18,0.368,28.8,0.532,46.4,6.9,3.9,10.8
2017-18,1610612743,Denver Nuggets,46,36,0.561,111.4,110.0,97.69,0.371,30.9,0.517,44.5,7.6,4.9,12.5
2018-19,1610612743,Denver Nuggets,54,28,0.659,112.1,108.1,98.49,0.351,31.4,0.524,46.4,7.7,4.4,12.1
2019-20,1610612743,Denver Nuggets,46,27,0.63,112.6,110.4,97.64,0.359,30.6,0.509,44.1,8.0,4.6,12.6
2020-21,1610612743,Denver Nuggets,47,25,0.653,116.3,111.5,97.74,0.377,34.2,0.522,44.4,8.1,4.5,12.6
2021-22,1610612743,Denver Nuggets,48,34,0.585,113.8,111.5,98.41,0.353,35.9,0.515,44.1,7.2,3.7,10.9
2022-23,1610612743,Denver Nuggets,53,29,0.646,116.8,113.5,98.74,0.379,31.2,0.514,43.0,7.5,4.5,12.0
2023-24,1610612743,Denver Nuggets,57,25,0.695,117.8,112.3,97.43,0.374,31.2,0.515,44.4,7.1,5.6,12.7
2024-25,1610612743,Denver Nuggets,50,32,0.61,118.9,115.1,100.67,0.376,31.9,0.52,45.7,8.0,4.9,12.9
2025-26,1610612743,Denver Nuggets,54,28,0.659,121.2,116.0,99.49,0.396,35.8,0.511,44.0,6.8,4.0,10.8
1996-97,1610612765,Detroit Pistons,54,28,0.659,108.5,102.6,86.09,0.388,18.3,0.492,38.4,7.7,3.5,11.2
1997-98,1610612765,Detroit Pistons,37,45,0.451,103.4,101.8,89.75,0.312,11.4,0.5,41.2,8.3,4.2,12.5
1998-99,1610612765,Detroit Pistons,29,21,0.58,102.4,98.4,87.93,0.365,13.6,0.514,40.3,8.9,4.2,13.1
1999-00,1610612765,Detroit Pistons,42,40,0.512,105.2,103.8,97.56,0.359,14.9,0.495,41.2,8.1,3.3,11.4
2000-01,1610612765,Detroit Pistons,32,50,0.39,98.5,100.3,96.15,0.35,13.6,0.505,45.5,7.5,5.5,13.0
2001-02,1610612765,Detroit Pistons,50,32,0.61,103.2,100.9,91.38,0.376,18.4,0.481,38.7,7.9,6.9,14.8
2002-03,1610612765,Detroit Pistons,50,32,0.61,102.4,98.2,88.26,0.358,18.1,0.499,40.6,6.8,5.7,12.5
2003-04,1610612765,Detroit Pistons,54,28,0.659,100.3,93.9,89.34,0.344,11.8,0.512,42.8,8.0,7.0,15.0
2004-05,1610612765,Detroit Pistons,54,28,0.659,103.9,99.6,88.59,0.345,12.8,0.518,43.4,7.0,6.1,13.1
2005-06,1610612765,Detroit Pistons,64,18,0.78,109.3,101.7,87.98,0.384,17.7,0.497,40.5,7.1,6.0,13.1
2006-07,1610612765,Detroit Pistons,53,29,0.646,107.4,102.6,88.56,0.344,15.9,0.493,40.5,7.1,5.8,12.9
2007-08,1610612765,Detroit Pistons,59,23,0.72,109.8,101.5,88.54,0.366,16.2,0.513,41.4,7.1,5.8,12.9
2008-09,1610612765,Detroit Pistons,39,43,0.476,105.8,106.4,88.02,0.349,13.2,0.508,41.4,6.0,4.6,10.6
2009-10,1610612765,Detroit Pistons,27,55,0.329,104.5,110.3,89.46,0.314,14.5,0.51,40.2,7.3,3.8,11.1
2010-11,1610612765,Detroit Pistons,30,52,0.366,107.0,110.7,89.79,0.376,15.3,0.491,38.6,7.3,4.0,11.3
2011-12,1610612765,Detroit Pistons,25,41,0.379,100.0,105.0,90.31,0.346,13.9,0.5,40.3,7.0,4.2,11.2
2012-13,1610612765,Detroit Pistons,29,53,0.354,102.7,107.2,91.68,0.356,17.6,0.506,42.1,7.0,4.9,11.9
2013-14,1610612765,Detroit Pistons,29,53,0.354,105.2,109.0,95.57,0.321,19.3,0.511,45.4,8.4,4.8,13.2
2014-15,1610612765,Detroit Pistons,32,50,0.39,104.3,105.4,93.68,0.344,24.9,0.505,44.9,7.6,4.7,12.3
2015-16,1610612765,Detroit Pistons,44,38,0.537,105.3,104.9,95.75,0.345,26.2,0.521,46.3,7.0,3.7,10.7
2016-17,1610612765,Detroit Pistons,37,45,0.451,105.3,106.7,95.52,0.33,23.4,0.519,45.7,7.0,3.8,10.8
2017-18,1610612765,Detroit Pistons,39,43,0.476,106.6,106.7,96.75,0.373,28.9,0.499,43.7,7.7,3.9,11.6
2018-19,1610612765,Detroit Pistons,41,41,0.5,108.4,108.7,97.88,0.348,34.8,0.509,45.0,6.9,4.0,10.9
2019-20,1610612765,Detroit Pistons,20,46,0.303,108.8,112.3,97.86,0.367,32.7,0.493,41.7,7.4,4.5,11.9
2020-21,1610612765,Detroit Pistons,20,52,0.278,107.6,112.2,98.19,0.351,32.9,0.493,42.7,7.4,5.2,12.6
2021-22,1610612765,Detroit Pistons,23,59,0.28,105.6,113.3,98.81,0.326,34.6,0.481,43.0,7.7,4.8,12.5
2022-23,1610612765,Detroit Pistons,17,65,0.207,109.9,117.8,99.88,0.351,32.4,0.491,42.4,7.0,3.8,10.8
2023-24,1610612765,Detroit Pistons,14,68,0.171,109.0,118.0,100.45,0.348,31.7,0.499,43.3,6.5,4.7,11.2
2024-25,1610612765,Detroit Pistons,44,38,0.537,114.6,112.5,100.27,0.362,35.4,0.511,44.8,8.0,5.3,13.3
2025-26,1610612765,Detroit Pistons,60,22,0.732,117.3,108.9,99.88,0.356,30.9,0.524,45.6,10.4,6.4,16.8
1996-97,1610612744,Golden State Warriors,30,52,0.366,105.3,110.3,93.58,0.353,16.6,0.497,40.8,7.5,4.4,11.9
1997-98,1610612744,Golden State Warriors,19,63,0.232,93.9,103.5,93.31,0.272,8.5,0.505,45.9,7.6,5.5,13.1
1998-99,1610612744,Golden State Warriors,21,29,0.42,96.0,98.9,90.96,0.287,11.3,0.523,47.5,8.3,4.4,12.7
1999-00,1610612744,Golden State Warriors,19,63,0.232,98.0,106.5,97.11,0.323,13.0,0.499,45.6,8.9,4.3,13.2
2000-01,1610612744,Golden State Warriors,17,65,0.207,96.3,105.5,95.7,0.293,11.8,0.504,45.5,9.0,5.0,14.0
2001-02,1610612744,Golden State Warriors,21,61,0.256,101.5,107.1,95.75,0.322,12.1,0.516,46.7,7.9,6.4,14.3
2002-03,1610612744,Golden State Warriors,38,44,0.463,106.4,107.7,95.88,0.344,15.1,0.518,46.7,7.2,6.2,13.4
2003-04,1610612744,Golden State Warriors,37,45,0.451,101.5,102.6,90.95,0.334,15.6,0.503,43.1,7.0,4.7,11.7
2004-05,1610612744,Golden State Warriors,34,48,0.415,103.4,105.5,94.45,0.352,21.6,0.477,42.7,7.8,5.1,12.9
2005-06,1610612744,Golden State Warriors,34,48,0.415,103.5,104.9,94.43,0.341,22.3,0.485,42.3,7.4,4.3,11.7
2006-07,1610612744,Golden State Warriors,42,40,0.512,106.2,106.5,99.97,0.356,24.0,0.472,41.4,9.1,5.7,14.8
2007-08,1610612744,Golden State Warriors,48,34,0.585,110.4,108.5,99.96,0.348,26.6,0.481,43.2,9.1,4.6,13.7
2008-09,1610612744,Golden State Warriors,29,53,0.354,108.0,111.7,99.57,0.373,18.0,0.473,42.0,7.8,6.4,14.2
2009-10,1610612744,Golden State Warriors,26,56,0.317,107.0,110.3,101.52,0.375,20.6,0.453,38.4,9.3,4.1,13.4
2010-11,1610612744,Golden State Warriors,36,46,0.439,107.1,109.4,95.85,0.392,21.3,0.476,40.5,9.0,5.0,14.0
2011-12,1610612744,Golden State Warriors,23,43,0.348,103.9,107.3,93.78,0.388,20.5,0.46,39.2,8.0,5.5,13.5
2012-13,1610612744,Golden State Warriors,47,35,0.573,105.1,104.2,95.64,0.403,19.9,0.506,45.0,6.9,4.2,11.1
2013-14,1610612744,Golden State Warriors,51,31,0.622,106.3,101.4,97.37,0.38,24.8,0.508,45.3,7.8,5.0,12.8
2014-15,1610612744,Golden State Warriors,67,15,0.817,110.4,100.4,99.28,0.398,27.0,0.498,44.7,9.3,6.0,15.3
2015-16,1610612744,Golden State Warriors,73,9,0.89,113.5,102.8,100.24,0.416,31.6,0.507,46.2,8.4,6.1,14.5
2016-17,1610612744,Golden State Warriors,67,15,0.817,114.8,103.4,100.37,0.383,31.2,0.504,44.4,9.6,6.8,16.4
2017-18,1610612744,Golden State Warriors,58,24,0.707,112.8,106.8,100.35,0.391,28.9,0.497,43.5,8.0,7.5,15.5
2018-19,1610612744,Golden State Warriors,57,25,0.695,115.0,108.6,101.74,0.385,34.4,0.505,46.2,7.6,6.4,14.0
2019-20,1610612744,Golden State Warriors,15,50,0.231,104.4,113.0,101.04,0.334,31.3,0.481,42.8,8.2,4.6,12.8
2020-21,1610612744,Golden State Warriors,39,33,0.542,110.5,109.4,102.81,0.376,38.7,0.48,43.0,8.2,4.8,13.0
2021-22,1610612744,Golden State Warriors,53,29,0.646,112.1,106.6,98.74,0.364,39.4,0.51,45.5,8.8,4.5,13.3
2022-23,1610612744,Golden State Warriors,44,38,0.537,115.1,113.4,102.54,0.385,43.2,0.502,44.6,7.2,4.0,11.2
2023-24,1610612744,Golden State Warriors,46,36,0.561,116.9,114.5,99.91,0.38,38.9,0.521,46.7,7.0,4.6,11.6
2024-25,1610612744,Golden State Warriors,48,34,0.585,114.2,111.0,99.37,0.364,42.4,0.509,45.4,9.4,4.8,14.2
2025-26,1610612744,Golden State Warriors,37,45,0.451,113.8,114.4,100.05,0.356,44.1,0.49,42.3,9.7,4.2,13.899999999999999
1996-97,1610612745,Houston Rockets,57,25,0.695,107.5,102.8,92.73,0.365,22.4,0.514,42.6,8.4,4.2,12.6
1997-98,1610612745,Houston Rockets,41,41,0.5,105.9,106.8,92.52,0.343,20.4,0.499,40.7,8.4,3.6,12.0
1998-99,1610612745,Houston Rockets,31,19,0.62,103.5,101.0,90.45,0.368,18.3,0.506,41.5,7.7,5.2,12.9
1999-00,1610612745,Houston Rockets,34,48,0.415,103.3,104.2,95.54,0.358,19.8,0.508,43.8,7.5,5.3,12.8
2000-01,1610612745,Houston Rockets,45,37,0.549,105.2,102.8,91.66,0.357,17.2,0.502,42.0,7.2,4.4,11.6
2001-02,1610612745,Houston Rockets,28,54,0.341,101.6,106.9,89.56,0.335,18.0,0.497,41.9,6.5,5.4,11.9
2002-03,1610612745,Houston Rockets,43,39,0.524,102.4,100.9,90.36,0.346,15.5,0.518,43.8,7.2,6.0,13.2
2003-04,1610612745,Houston Rockets,45,37,0.549,99.7,97.8,88.92,0.366,17.1,0.516,42.6,6.8,5.4,12.2
2004-05,1610612745,Houston Rockets,51,31,0.622,104.4,100.1,90.18,0.364,18.5,0.512,42.4,6.9,4.6,11.5
2005-06,1610612745,Houston Rockets,34,48,0.415,100.4,102.1,89.07,0.332,17.2,0.501,41.6,7.2,3.9,11.1
2006-07,1610612745,Houston Rockets,52,30,0.634,104.7,99.7,91.7,0.372,23.1,0.508,43.3,7.1,4.1,11.2
2007-08,1610612745,Houston Rockets,55,27,0.671,105.4,100.5,91.42,0.342,20.8,0.519,44.6,7.3,5.1,12.4
2008-09,1610612745,Houston Rockets,53,29,0.646,107.1,102.9,91.23,0.375,20.2,0.517,43.0,6.7,4.3,11.0
2009-10,1610612745,Houston Rockets,42,40,0.512,106.8,106.8,94.91,0.351,22.4,0.498,42.0,7.1,3.9,11.0
2010-11,1610612745,Houston Rockets,43,39,0.524,110.2,107.9,95.14,0.367,22.5,0.501,42.8,7.1,4.5,11.6
2011-12,1610612745,Houston Rockets,34,32,0.515,104.2,104.0,92.82,0.359,20.2,0.499,42.2,7.5,4.8,12.3
2012-13,1610612745,Houston Rockets,45,37,0.549,108.8,105.3,96.89,0.366,28.9,0.509,43.4,8.3,4.4,12.7
2013-14,1610612745,Houston Rockets,54,28,0.659,109.8,105.2,97.27,0.358,26.6,0.513,45.3,7.6,5.6,13.2
2014-15,1610612745,Houston Rockets,56,26,0.683,106.0,102.6,97.36,0.348,32.7,0.496,43.7,9.5,5.0,14.5
2015-16,1610612745,Houston Rockets,41,41,0.5,107.3,107.3,98.42,0.347,30.9,0.492,43.1,10.0,5.2,15.2
2016-17,1610612745,Houston Rockets,55,27,0.671,114.1,108.4,100.55,0.357,40.3,0.499,44.4,8.2,4.3,12.5
2017-18,1610612745,Houston Rockets,65,17,0.793,114.1,105.7,98.02,0.362,42.3,0.503,43.5,8.5,4.8,13.3
2018-19,1610612745,Houston Rockets,53,29,0.646,114.9,110.1,98.39,0.356,45.4,0.481,42.1,8.5,4.9,13.4
2019-20,1610612745,Houston Rockets,44,28,0.611,112.5,109.8,104.04,0.345,45.3,0.48,44.3,8.7,5.2,13.9
2020-21,1610612745,Houston Rockets,17,55,0.236,107.0,114.4,101.69,0.339,40.6,0.474,42.6,7.6,5.0,12.6
2021-22,1610612745,Houston Rockets,20,62,0.244,108.1,116.4,101.16,0.349,38.7,0.485,42.0,7.3,4.7,12.0
2022-23,1610612745,Houston Rockets,22,60,0.268,110.5,118.6,99.74,0.327,31.9,0.53,46.3,7.3,4.6,11.9
2023-24,1610612745,Houston Rockets,41,41,0.5,113.7,112.8,99.59,0.352,36.1,0.504,45.5,7.8,4.6,12.4
2024-25,1610612745,Houston Rockets,52,30,0.634,114.9,110.3,99.03,0.353,35.8,0.533,48.5,8.4,5.0,13.4
2025-26,1610612745,Houston Rockets,52,30,0.634,117.5,112.1,96.98,0.364,31.5,0.545,48.1,8.5,5.8,14.3
1996-97,1610612754,Indiana Pacers,39,43,0.476,104.2,102.9,90.44,0.381,13.8,0.506,41.7,7.1,4.8,11.9
1997-98,1610612754,Indiana Pacers,58,24,0.707,106.3,99.5,89.69,0.39,12.5,0.49,39.3,7.9,4.5,12.4
1998-99,1610612754,Indiana Pacers,33,17,0.66,106.6,102.2,88.16,0.368,16.0,0.495,40.5,6.3,4.5,10.8
1999-00,1610612754,Indiana Pacers,56,26,0.683,106.8,101.7,94.7,0.392,18.1,0.492,42.1,6.8,5.1,11.9
2000-01,1610612754,Indiana Pacers,41,41,0.5,100.3,100.5,90.89,0.342,14.1,0.497,42.9,6.9,5.9,12.8
2001-02,1610612754,Indiana Pacers,42,40,0.512,102.8,102.4,93.13,0.339,14.6,0.499,42.7,8.0,5.3,13.3
2002-03,1610612754,Indiana Pacers,48,34,0.585,103.2,99.6,92.71,0.339,13.6,0.509,44.2,8.5,5.4,13.9
2003-04,1610612754,Indiana Pacers,61,21,0.744,102.5,96.2,88.54,0.351,15.6,0.511,41.7,8.9,5.0,13.9
2004-05,1610612754,Indiana Pacers,44,38,0.537,103.7,102.7,88.71,0.344,19.2,0.494,40.1,7.5,4.4,11.9
2005-06,1610612754,Indiana Pacers,41,41,0.5,103.1,101.0,90.85,0.349,18.7,0.506,42.2,7.3,5.0,12.3
2006-07,1610612754,Indiana Pacers,35,47,0.427,101.9,104.4,93.43,0.346,16.9,0.503,41.8,7.3,5.5,12.8
2007-08,1610612754,Indiana Pacers,36,46,0.439,105.1,106.3,98.64,0.374,24.6,0.487,43.1,7.6,5.0,12.6
2008-09,1610612754,Indiana Pacers,36,46,0.439,107.2,108.2,97.34,0.378,21.0,0.498,43.7,7.0,5.3,12.3
2009-10,1610612754,Indiana Pacers,32,50,0.39,103.0,106.0,97.77,0.348,23.1,0.473,41.5,7.1,5.4,12.5
2010-11,1610612754,Indiana Pacers,37,45,0.451,104.1,105.0,95.5,0.354,20.2,0.501,43.5,7.1,5.6,12.7
2011-12,1610612754,Indiana Pacers,42,24,0.636,105.5,102.1,91.68,0.368,16.1,0.511,43.9,7.9,5.4,13.3
2012-13,1610612754,Indiana Pacers,49,32,0.605,103.4,99.0,90.9,0.347,19.7,0.522,45.9,7.2,6.3,13.5
2013-14,1610612754,Indiana Pacers,56,26,0.683,103.6,98.9,92.89,0.357,18.8,0.517,44.7,6.7,5.4,12.1
2014-15,1610612754,Indiana Pacers,38,44,0.463,102.9,102.7,93.67,0.352,21.2,0.511,44.9,6.2,4.6,10.8
2015-16,1610612754,Indiana Pacers,45,37,0.549,103.8,102.2,97.35,0.351,23.0,0.494,44.2,9.0,4.8,13.8
2016-17,1610612754,Indiana Pacers,42,40,0.512,107.9,108.1,96.59,0.376,23.0,0.488,42.0,8.2,5.0,13.2
2017-18,1610612754,Indiana Pacers,48,34,0.585,108.5,107.3,96.84,0.369,24.5,0.496,42.3,8.8,4.1,12.9
2018-19,1610612754,Indiana Pacers,48,34,0.585,109.4,106.0,98.64,0.374,25.4,0.499,43.0,8.7,4.9,13.6
2019-20,1610612754,Indiana Pacers,45,28,0.616,109.5,107.5,99.41,0.363,28.0,0.487,42.8,7.4,5.2,12.6
2020-21,1610612754,Indiana Pacers,34,38,0.472,111.9,111.9,102.05,0.364,34.0,0.476,42.7,8.5,6.4,14.9
2021-22,1610612754,Indiana Pacers,25,57,0.305,111.9,115.5,98.55,0.344,35.4,0.512,43.9,7.1,5.6,12.7
2022-23,1610612754,Indiana Pacers,35,47,0.427,113.8,117.1,101.68,0.367,37.0,0.482,41.5,7.7,5.8,13.5
2023-24,1610612754,Indiana Pacers,47,35,0.573,120.5,117.6,102.16,0.374,35.3,0.492,41.5,7.7,5.9,13.6
2024-25,1610612754,Indiana Pacers,50,32,0.61,115.4,113.3,100.76,0.368,35.8,0.483,41.8,8.5,5.5,14.0
2025-26,1610612754,Indiana Pacers,19,63,0.232,110.1,117.9,101.78,0.356,37.6,0.475,41.9,7.4,4.6,12.0
2015-16,1610612746,LA Clippers,53,29,0.646,107.2,102.7,96.81,0.364,26.7,0.472,42.0,8.6,5.6,14.2
2016-17,1610612746,LA Clippers,51,31,0.622,111.8,107.5,96.77,0.375,27.4,0.501,43.0,7.5,4.2,11.7
2017-18,1610612746,LA Clippers,42,40,0.512,109.4,109.2,99.54,0.354,26.8,0.504,43.9,7.7,4.5,12.2
2018-19,1610612746,LA Clippers,48,34,0.585,111.4,110.4,102.66,0.388,25.8,0.5,45.5,6.8,4.7,11.5
2019-20,1610612746,LA Clippers,49,23,0.681,113.3,106.9,102.16,0.371,33.5,0.515,47.7,7.1,4.7,11.8
2020-21,1610612746,LA Clippers,47,25,0.653,116.7,110.6,97.63,0.411,34.7,0.518,44.2,7.1,4.1,11.2
2021-22,1610612746,LA Clippers,42,40,0.512,109.5,109.5,98.51,0.374,34.2,0.486,44.0,7.4,5.0,12.4
2022-23,1610612746,LA Clippers,44,38,0.537,114.0,113.6,98.84,0.381,33.3,0.505,43.2,7.1,4.4,11.5
2023-24,1610612746,LA Clippers,51,31,0.622,117.9,114.6,97.93,0.381,33.2,0.502,43.0,7.8,5.0,12.8
2024-25,1610612746,LA Clippers,50,32,0.61,114.3,109.4,98.24,0.373,33.4,0.512,43.8,9.4,4.5,13.9
2025-26,1610612746,LA Clippers,42,40,0.512,116.3,115.2,97.29,0.368,33.8,0.49,40.6,9.0,4.9,13.9
1996-97,1610612746,Los Angeles Clippers,36,46,0.439,103.5,106.2,92.65,0.354,16.3,0.492,40.7,8.9,5.4,14.3
1997-98,1610612746,Los Angeles Clippers,17,65,0.207,101.8,109.6,93.74,0.358,17.9,0.481,40.4,7.6,5.6,13.2
1998-99,1610612746,Los Angeles Clippers,9,41,0.18,98.3,107.8,91.04,0.32,13.4,0.48,39.2,8.5,4.7,13.2
1999-00,1610612746,Los Angeles Clippers,15,67,0.183,96.1,108.0,95.69,0.339,15.5,0.474,40.6,7.0,6.0,13.0
2000-01,1610612746,Los Angeles Clippers,31,51,0.378,100.3,103.2,90.67,0.339,13.0,0.506,42.9,6.0,6.3,12.3
2001-02,1610612746,Los Angeles Clippers,39,43,0.476,104.3,104.7,91.21,0.356,14.0,0.512,43.4,6.2,6.6,12.8
2002-03,1610612746,Los Angeles Clippers,27,55,0.329,101.1,105.1,92.68,0.331,14.4,0.496,42.3,7.0,5.6,12.6
2003-04,1610612746,Los Angeles Clippers,28,54,0.341,101.9,106.6,92.49,0.321,12.5,0.517,43.5,7.2,4.6,11.8
2004-05,1610612746,Los Angeles Clippers,37,45,0.451,103.8,104.5,90.66,0.345,8.2,0.518,41.9,7.3,5.1,12.4
2005-06,1610612746,Los Angeles Clippers,47,35,0.573,103.8,102.2,92.99,0.344,10.3,0.513,43.1,6.5,6.1,12.6
2006-07,1610612746,Los Angeles Clippers,40,42,0.488,103.8,104.2,91.92,0.348,11.0,0.513,41.1,7.3,5.8,13.1
2007-08,1610612746,Los Angeles Clippers,23,59,0.28,99.9,107.4,93.38,0.324,13.2,0.484,40.1,6.8,4.9,11.7
2008-09,1610612746,Los Angeles Clippers,19,63,0.232,101.0,110.1,93.3,0.354,18.5,0.479,39.8,7.0,5.9,12.9
2009-10,1610612746,Los Angeles Clippers,29,53,0.354,102.3,109.1,93.44,0.332,17.8,0.5,41.8,6.5,5.7,12.2
2010-11,1610612746,Los Angeles Clippers,32,50,0.39,104.8,108.0,93.35,0.338,18.5,0.511,42.1,7.1,4.9,12.0
2011-12,1610612746,Los Angeles Clippers,40,26,0.606,107.5,104.8,89.98,0.357,21.8,0.507,41.6,8.4,4.8,13.2
2012-13,1610612746,Los Angeles Clippers,56,26,0.683,109.8,102.8,91.83,0.358,21.4,0.512,41.6,9.6,5.6,15.2
2013-14,1610612746,Los Angeles Clippers,57,25,0.695,111.3,104.0,96.66,0.352,24.0,0.496,43.0,8.6,4.8,13.4
2014-15,1610612746,Los Angeles Clippers,56,26,0.683,111.6,104.7,95.4,0.376,26.9,0.497,42.6,7.8,5.0,12.8
1996-97,1610612747,Los Angeles Lakers,56,26,0.683,106.4,102.3,92.61,0.367,18.3,0.501,42.8,9.0,7.0,16.0
1997-98,1610612747,Los Angeles Lakers,61,21,0.744,110.4,102.3,94.85,0.351,17.3,0.503,43.3,9.0,6.8,15.8
1998-99,1610612747,Los Angeles Lakers,31,19,0.62,106.1,102.8,92.95,0.352,13.7,0.5,42.0,7.8,5.7,13.5
1999-00,1610612747,Los Angeles Lakers,67,15,0.817,105.4,96.4,95.04,0.329,12.8,0.518,47.0,7.5,6.5,14.0
2000-01,1610612747,Los Angeles Lakers,56,26,0.683,107.0,103.6,92.9,0.344,15.5,0.517,44.7,6.9,6.0,12.9
2001-02,1610612747,Los Angeles Lakers,58,24,0.707,108.0,100.4,93.32,0.354,17.5,0.501,44.3,7.6,5.8,13.4
2002-03,1610612747,Los Angeles Lakers,50,32,0.61,105.6,103.4,93.78,0.356,16.7,0.509,44.3,7.8,5.7,13.5
2003-04,1610612747,Los Angeles Lakers,56,26,0.683,104.2,100.1,93.39,0.327,13.6,0.506,43.1,8.3,4.6,12.9
2004-05,1610612747,Los Angeles Lakers,34,48,0.415,106.4,109.6,92.34,0.355,22.1,0.503,43.2,6.2,4.2,10.4
2005-06,1610612747,Los Angeles Lakers,45,37,0.549,106.8,104.2,92.22,0.349,19.3,0.507,42.2,7.7,4.3,12.0
2006-07,1610612747,Los Angeles Lakers,42,40,0.512,107.3,107.5,94.58,0.353,21.0,0.496,41.2,7.3,5.1,12.4
2007-08,1610612747,Los Angeles Lakers,57,25,0.695,111.7,104.3,96.7,0.378,21.4,0.507,44.1,8.0,5.3,13.3
2008-09,1610612747,Los Angeles Lakers,65,17,0.793,111.4,103.5,95.49,0.361,18.5,0.514,43.9,8.8,5.1,13.9
2009-10,1610612747,Los Angeles Lakers,57,25,0.695,107.6,102.7,93.73,0.341,19.0,0.512,44.3,7.5,4.9,12.4
2010-11,1610612747,Los Angeles Lakers,57,25,0.695,109.6,103.3,91.78,0.352,18.1,0.513,44.0,7.3,5.1,12.4
2011-12,1610612747,Los Angeles Lakers,41,25,0.621,104.5,103.2,91.72,0.326,16.8,0.532,46.2,5.9,5.3,11.2
2012-13,1610612747,Los Angeles Lakers,45,37,0.549,107.0,105.9,95.08,0.355,24.6,0.51,44.8,7.0,5.2,12.2
2013-14,1610612747,Los Angeles Lakers,27,55,0.329,103.2,109.3,99.72,0.381,24.8,0.459,41.0,7.5,5.4,12.9
2014-15,1610612747,Los Angeles Lakers,21,61,0.256,102.3,109.4,95.03,0.344,18.9,0.497,43.9,7.0,4.5,11.5
2015-16,1610612747,Los Angeles Lakers,17,65,0.207,100.7,110.3,96.55,0.317,24.6,0.484,43.0,7.2,4.1,11.3
2016-17,1610612747,Los Angeles Lakers,26,56,0.317,105.3,112.0,99.26,0.346,25.7,0.494,43.5,8.2,3.9,12.1
2017-18,1610612747,Los Angeles Lakers,35,47,0.427,106.0,107.3,100.9,0.345,29.1,0.505,46.4,7.7,4.7,12.4
2018-19,1610612747,Los Angeles Lakers,37,45,0.451,107.4,108.9,103.6,0.333,31.0,0.502,46.6,7.5,5.4,12.9
2019-20,1610612747,Los Angeles Lakers,52,19,0.732,111.7,106.1,101.2,0.349,31.6,0.512,45.7,8.6,6.6,15.2
2020-21,1610612747,Los Angeles Lakers,42,30,0.583,109.8,106.8,98.85,0.354,31.2,0.511,44.2,7.8,5.4,13.2
2021-22,1610612747,Los Angeles Lakers,33,49,0.402,110.0,112.8,100.47,0.347,34.5,0.49,44.0,7.6,5.2,12.8
2022-23,1610612747,Los Angeles Lakers,43,39,0.524,113.9,113.2,101.92,0.346,31.2,0.505,45.7,6.4,4.6,11.0
2023-24,1610612747,Los Angeles Lakers,47,35,0.573,115.4,114.8,101.38,0.377,31.4,0.496,43.1,7.4,5.5,12.9
2024-25,1610612747,Los Angeles Lakers,50,32,0.61,115.0,113.8,98.34,0.366,36.4,0.495,42.4,7.7,4.5,12.2
2025-26,1610612747,Los Angeles Lakers,53,29,0.646,117.0,115.5,99.22,0.359,32.9,0.499,41.0,8.5,4.3,12.8
2001-02,1610612763,Memphis Grizzlies,23,59,0.28,96.6,104.7,92.55,0.307,13.4,0.483,41.4,7.9,6.0,13.9
2002-03,1610612763,Memphis Grizzlies,28,54,0.341,102.3,105.9,94.03,0.365,15.6,0.482,41.6,7.9,6.1,14.0
2003-04,1610612763,Memphis Grizzlies,50,32,0.61,103.4,100.8,92.6,0.34,16.0,0.489,41.8,9.7,6.9,16.6
2004-05,1610612763,Memphis Grizzlies,45,37,0.549,104.2,101.5,89.65,0.357,18.1,0.487,39.0,8.5,5.8,14.3
2005-06,1610612763,Memphis Grizzlies,49,33,0.598,104.5,100.4,87.39,0.374,19.2,0.496,39.2,7.3,5.4,12.7
2006-07,1610612763,Memphis Grizzlies,22,60,0.268,105.7,110.9,94.77,0.367,16.6,0.486,39.5,6.9,5.0,11.9
2007-08,1610612763,Memphis Grizzlies,22,60,0.268,103.9,110.2,96.33,0.349,21.7,0.489,41.6,6.1,4.7,10.8
2008-09,1610612763,Memphis Grizzlies,24,58,0.293,102.3,108.2,91.22,0.36,13.5,0.495,38.8,7.5,4.7,12.2
2009-10,1610612763,Memphis Grizzlies,40,42,0.488,107.5,109.0,94.29,0.337,12.4,0.523,43.5,7.9,4.9,12.8
2010-11,1610612763,Memphis Grizzlies,46,36,0.561,107.0,104.5,92.42,0.334,11.3,0.505,41.0,9.4,5.4,14.8
2011-12,1610612763,Memphis Grizzlies,41,25,0.621,102.8,100.6,91.82,0.326,12.9,0.508,42.0,9.6,5.2,14.8
2012-13,1610612763,Memphis Grizzlies,56,26,0.683,103.6,99.1,89.56,0.345,13.5,0.52,42.7,8.6,5.3,13.9
2013-14,1610612763,Memphis Grizzlies,50,32,0.61,105.5,103.8,90.58,0.353,14.0,0.521,42.4,7.7,4.6,12.3
2014-15,1610612763,Memphis Grizzlies,55,27,0.671,104.8,101.2,92.82,0.339,15.2,0.503,42.6,8.5,4.2,12.7
2015-16,1610612763,Memphis Grizzlies,42,40,0.512,104.7,107.1,93.95,0.331,18.5,0.495,41.6,8.8,4.3,13.1
2016-17,1610612763,Memphis Grizzlies,43,39,0.524,107.0,106.5,92.84,0.354,26.5,0.507,42.8,8.0,4.2,12.2
2017-18,1610612763,Memphis Grizzlies,22,60,0.268,103.6,110.4,95.65,0.352,26.2,0.493,40.5,7.5,4.8,12.3
2018-19,1610612763,Memphis Grizzlies,33,49,0.402,105.6,108.0,97.15,0.342,28.9,0.484,41.8,8.3,5.5,13.8
2019-20,1610612763,Memphis Grizzlies,34,39,0.466,108.7,109.7,103.31,0.347,31.5,0.506,46.5,7.9,5.5,13.4
2020-21,1610612763,Memphis Grizzlies,38,34,0.528,111.7,110.5,100.77,0.356,31.4,0.507,46.5,9.1,5.1,14.2
2021-22,1610612763,Memphis Grizzlies,56,26,0.683,114.3,108.9,100.52,0.353,32.7,0.526,49.2,9.8,6.5,16.3
2022-23,1610612763,Memphis Grizzlies,51,31,0.622,114.7,110.7,101.5,0.351,34.2,0.507,46.6,8.3,5.8,14.1
2023-24,1610612763,Memphis Grizzlies,27,55,0.329,106.8,113.7,98.68,0.346,37.8,0.488,42.6,8.2,6.1,14.3
2024-25,1610612763,Memphis Grizzlies,48,34,0.585,117.2,112.6,103.69,0.367,37.9,0.518,47.3,8.9,5.6,14.5
2025-26,1610612763,Memphis Grizzlies,25,57,0.305,112.4,118.4,101.69,0.353,39.5,0.478,42.1,8.8,4.8,13.600000000000001
1996-97,1610612748,Miami Heat,61,21,0.744,105.2,99.2,89.54,0.364,22.7,0.504,41.0,7.9,5.4,13.3
1997-98,1610612748,Miami Heat,55,27,0.671,105.7,100.5,89.35,0.355,18.8,0.508,42.0,8.1,5.2,13.3
1998-99,1610612748,Miami Heat,33,17,0.66,102.9,97.1,86.35,0.359,16.1,0.503,40.3,6.5,6.1,12.6
1999-00,1610612748,Miami Heat,52,30,0.634,102.5,99.4,91.22,0.371,14.7,0.508,43.2,7.1,6.4,13.5
2000-01,1610612748,Miami Heat,50,32,0.61,99.4,97.1,88.39,0.345,16.9,0.49,39.6,7.7,3.7,11.4
2001-02,1610612748,Miami Heat,36,46,0.439,97.3,99.0,88.47,0.347,11.0,0.505,42.0,6.7,5.5,12.2
2002-03,1610612748,Miami Heat,25,57,0.305,95.4,101.2,88.93,0.316,13.4,0.501,41.6,7.2,4.0,11.2
2003-04,1610612748,Miami Heat,42,40,0.512,100.6,100.3,89.3,0.357,16.5,0.504,41.5,7.2,3.8,11.0
2004-05,1610612748,Miami Heat,59,23,0.72,108.9,102.2,91.73,0.377,15.4,0.508,43.0,6.4,5.8,12.2
2005-06,1610612748,Miami Heat,52,30,0.634,107.5,103.4,92.56,0.345,17.6,0.519,43.1,6.4,5.4,11.8
2006-07,1610612748,Miami Heat,44,38,0.537,103.4,104.6,90.61,0.343,18.8,0.493,40.8,6.9,5.4,12.3
2007-08,1610612748,Miami Heat,15,67,0.183,99.4,108.8,91.24,0.358,16.7,0.47,37.6,7.2,4.3,11.5
2008-09,1610612748,Miami Heat,43,39,0.524,106.8,106.5,90.8,0.357,19.9,0.484,39.5,7.9,5.5,13.4
2009-10,1610612748,Miami Heat,47,35,0.573,105.7,103.4,90.3,0.346,17.4,0.5,41.8,7.4,5.6,13.0
2010-11,1610612748,Miami Heat,58,24,0.707,110.6,102.9,91.63,0.37,18.0,0.514,42.1,6.6,5.2,11.8
2011-12,1610612748,Miami Heat,46,20,0.697,105.6,99.2,92.07,0.359,15.6,0.504,41.6,8.9,5.4,14.3
2012-13,1610612748,Miami Heat,66,16,0.805,111.4,103.2,91.26,0.396,22.1,0.485,38.6,8.7,5.4,14.1
2013-14,1610612748,Miami Heat,54,28,0.659,110.0,105.0,91.9,0.364,22.3,0.476,36.9,8.9,4.5,13.4
2014-15,1610612748,Miami Heat,37,45,0.451,103.2,106.1,91.49,0.335,20.2,0.489,39.1,7.8,4.5,12.3
2015-16,1610612748,Miami Heat,48,34,0.585,105.5,103.7,94.14,0.336,18.0,0.512,44.1,6.7,6.5,13.2
2016-17,1610612748,Miami Heat,41,41,0.5,107.4,106.4,95.51,0.365,27.0,0.499,43.6,7.2,5.7,12.9
2017-18,1610612748,Miami Heat,44,38,0.537,106.2,105.8,96.1,0.36,30.6,0.501,43.5,7.6,5.3,12.9
2018-19,1610612748,Miami Heat,39,43,0.476,106.7,107.1,98.73,0.349,32.4,0.509,46.3,7.6,5.5,13.1
2019-20,1610612748,Miami Heat,44,29,0.603,111.9,109.3,98.7,0.379,35.4,0.512,44.4,7.5,4.5,12.0
2020-21,1610612748,Miami Heat,40,32,0.556,110.6,110.7,97.09,0.358,36.2,0.491,41.5,7.9,4.0,11.9
2021-22,1610612748,Miami Heat,53,29,0.646,113.0,108.4,96.53,0.379,35.8,0.51,43.7,7.4,3.2,10.6
2022-23,1610612748,Miami Heat,44,38,0.537,112.3,112.8,96.76,0.344,34.8,0.498,40.6,8.0,3.0,11.0
2023-24,1610612748,Miami Heat,46,36,0.561,113.3,111.5,96.88,0.37,33.7,0.498,42.3,7.5,3.4,10.9
2024-25,1610612748,Miami Heat,37,45,0.451,112.4,112.0,97.08,0.367,37.3,0.496,43.4,8.1,3.8,11.9
2025-26,1610612748,Miami Heat,43,39,0.524,115.8,113.6,104.23,0.361,37.9,0.499,46.3,8.6,4.3,12.899999999999999
1996-97,1610612749,Milwaukee Bucks,33,49,0.402,104.7,106.7,90.85,0.352,11.2,0.501,39.2,7.7,4.2,11.9
1997-98,1610612749,Milwaukee Bucks,36,46,0.439,101.5,103.7,91.9,0.354,8.6,0.501,39.9,8.9,4.4,13.3
1998-99,1610612749,Milwaukee Bucks,28,22,0.56,102.9,101.2,88.64,0.373,12.4,0.484,38.8,8.8,4.0,12.8
1999-00,1610612749,Milwaukee Bucks,42,40,0.512,106.5,106.2,94.27,0.369,13.0,0.497,41.3,8.2,4.6,12.8
2000-01,1610612749,Milwaukee Bucks,52,30,0.634,106.8,102.6,93.89,0.379,18.1,0.494,42.4,8.2,4.7,12.9
2001-02,1610612749,Milwaukee Bucks,41,41,0.5,105.3,105.6,91.51,0.375,19.3,0.491,41.4,7.3,4.7,12.0
2002-03,1610612749,Milwaukee Bucks,42,40,0.512,107.2,106.9,91.76,0.383,18.6,0.477,39.5,7.6,4.2,11.8
2003-04,1610612749,Milwaukee Bucks,41,41,0.5,104.6,103.5,93.2,0.35,14.0,0.499,42.2,6.8,4.7,11.5
2004-05,1610612749,Milwaukee Bucks,30,52,0.366,105.1,108.1,92.14,0.351,11.3,0.503,41.3,6.5,3.5,10.0
2005-06,1610612749,Milwaukee Bucks,40,42,0.488,104.9,105.9,92.45,0.38,16.3,0.507,41.2,7.3,3.3,10.6
2006-07,1610612749,Milwaukee Bucks,28,54,0.341,106.0,110.3,93.33,0.356,18.0,0.479,39.2,7.2,2.7,9.9
2007-08,1610612749,Milwaukee Bucks,26,56,0.317,103.9,111.1,92.61,0.344,16.0,0.506,41.7,6.6,4.4,11.0
2008-09,1610612749,Milwaukee Bucks,34,48,0.415,105.2,106.3,93.89,0.363,17.2,0.496,40.7,7.4,3.8,11.2
2009-10,1610612749,Milwaukee Bucks,46,36,0.561,104.0,101.9,92.6,0.356,22.1,0.501,43.0,7.1,4.7,11.8
2010-11,1610612749,Milwaukee Bucks,35,47,0.427,100.8,101.5,90.57,0.342,17.2,0.492,40.8,7.5,4.9,12.4
2011-12,1610612749,Milwaukee Bucks,31,35,0.47,104.5,104.1,94.68,0.345,19.2,0.49,42.5,8.3,5.1,13.4
2012-13,1610612749,Milwaukee Bucks,38,44,0.463,102.5,104.2,95.65,0.36,20.4,0.491,44.0,8.4,6.7,15.1
2013-14,1610612749,Milwaukee Bucks,15,67,0.183,101.9,110.2,92.96,0.353,18.9,0.49,41.1,6.6,4.9,11.5
2014-15,1610612749,Milwaukee Bucks,41,41,0.5,102.0,101.4,94.82,0.363,18.3,0.491,42.1,9.6,4.9,14.5
2015-16,1610612749,Milwaukee Bucks,33,49,0.402,103.4,107.8,95.05,0.345,15.6,0.49,41.7,8.2,5.8,14.0
2016-17,1610612749,Milwaukee Bucks,42,40,0.512,108.5,108.7,94.99,0.37,23.7,0.487,40.4,8.1,5.3,13.4
2017-18,1610612749,Milwaukee Bucks,44,38,0.537,109.0,109.1,97.03,0.355,24.7,0.48,39.8,8.8,5.4,14.2
2018-19,1610612749,Milwaukee Bucks,60,22,0.732,113.5,104.9,103.57,0.353,38.2,0.516,49.7,7.5,5.9,13.4
2019-20,1610612749,Milwaukee Bucks,56,17,0.767,111.9,102.5,105.51,0.355,38.9,0.524,51.7,7.2,5.9,13.1
2020-21,1610612749,Milwaukee Bucks,46,26,0.639,116.5,110.7,102.85,0.389,37.1,0.519,48.1,8.1,4.6,12.7
2021-22,1610612749,Milwaukee Bucks,51,31,0.622,114.3,111.1,100.59,0.366,38.4,0.512,46.7,7.6,4.0,11.6
2022-23,1610612749,Milwaukee Bucks,58,24,0.707,114.3,110.9,101.45,0.368,40.3,0.521,48.6,6.4,4.9,11.3
2023-24,1610612749,Milwaukee Bucks,49,33,0.598,117.6,115.0,100.51,0.373,38.1,0.499,44.2,6.8,5.0,11.8
2024-25,1610612749,Milwaukee Bucks,48,34,0.585,115.1,112.7,99.92,0.387,36.6,0.491,43.4,7.3,4.7,12.0
2025-26,1610612749,Milwaukee Bucks,32,50,0.39,112.2,118.3,98.33,0.387,39.1,0.482,40.7,7.4,4.0,11.4
1996-97,1610612750,Minnesota Timberwolves,40,42,0.488,103.9,105.5,92.04,0.339,13.3,0.488,39.7,7.5,6.8,14.3
1997-98,1610612750,Minnesota Timberwolves,45,37,0.549,106.4,105.5,93.89,0.347,10.6,0.497,42.6,7.8,5.2,13.0
1998-99,1610612750,Minnesota Timberwolves,25,25,0.5,99.9,99.4,92.86,0.298,8.2,0.501,42.9,8.5,5.4,13.9
1999-00,1610612750,Minnesota Timberwolves,50,32,0.61,104.2,101.7,93.37,0.346,8.7,0.507,42.5,7.6,5.4,13.0
2000-01,1610612750,Minnesota Timberwolves,47,35,0.573,103.9,102.4,92.99,0.357,11.0,0.498,42.3,8.3,5.6,13.9
2001-02,1610612750,Minnesota Timberwolves,50,32,0.61,107.5,104.1,91.72,0.378,12.8,0.524,44.2,6.4,5.2,11.6
2002-03,1610612750,Minnesota Timberwolves,51,31,0.622,104.8,102.5,93.08,0.368,9.8,0.508,43.6,6.7,5.3,12.0
2003-04,1610612750,Minnesota Timberwolves,58,24,0.707,104.2,98.5,90.24,0.363,10.9,0.507,42.9,6.8,5.6,12.4
2004-05,1610612750,Minnesota Timberwolves,44,38,0.537,106.6,105.0,90.39,0.345,14.0,0.508,43.0,5.6,5.5,11.1
2005-06,1610612750,Minnesota Timberwolves,33,49,0.402,101.5,103.5,89.58,0.329,11.5,0.49,39.4,6.8,5.7,12.5
2006-07,1610612750,Minnesota Timberwolves,32,50,0.39,102.4,106.5,92.19,0.353,13.3,0.5,40.1,6.5,4.0,10.5
2007-08,1610612750,Minnesota Timberwolves,22,60,0.268,102.7,110.0,92.84,0.35,15.4,0.501,41.4,7.5,3.7,11.2
2008-09,1610612750,Minnesota Timberwolves,24,58,0.293,104.9,109.9,92.76,0.353,18.8,0.511,41.7,6.2,3.9,10.1
2009-10,1610612750,Minnesota Timberwolves,15,67,0.183,100.6,110.4,97.12,0.341,14.4,0.501,42.9,7.3,3.7,11.0
2010-11,1610612750,Minnesota Timberwolves,17,65,0.207,103.2,109.9,97.49,0.376,19.1,0.512,44.4,7.2,5.1,12.3
2011-12,1610612750,Minnesota Timberwolves,26,40,0.394,103.1,105.3,94.44,0.332,21.6,0.502,43.7,6.6,4.4,11.0
2012-13,1610612750,Minnesota Timberwolves,31,51,0.378,101.8,104.0,93.94,0.305,18.0,0.5,42.0,8.5,4.7,13.2
2013-14,1610612750,Minnesota Timberwolves,40,42,0.488,107.7,105.2,98.33,0.341,21.4,0.508,44.7,8.8,3.6,12.4
2014-15,1610612750,Minnesota Timberwolves,16,66,0.195,101.8,110.9,95.45,0.332,14.9,0.489,40.9,8.1,4.0,12.1
2015-16,1610612750,Minnesota Timberwolves,29,53,0.354,105.4,109.0,96.2,0.338,16.4,0.494,41.6,8.0,4.6,12.6
2016-17,1610612750,Minnesota Timberwolves,31,51,0.378,110.0,110.9,95.48,0.349,21.0,0.507,42.4,8.0,4.5,12.5
2017-18,1610612750,Minnesota Timberwolves,47,35,0.573,112.5,110.2,96.75,0.357,22.5,0.503,42.0,8.4,4.2,12.6
2018-19,1610612750,Minnesota Timberwolves,36,46,0.439,110.6,112.2,100.88,0.351,28.7,0.497,44.8,8.3,5.0,13.3
2019-20,1610612750,Minnesota Timberwolves,19,45,0.297,107.6,111.6,103.94,0.336,39.7,0.488,44.8,8.7,5.7,14.4
2020-21,1610612750,Minnesota Timberwolves,23,49,0.319,109.3,114.5,101.96,0.349,37.6,0.484,43.5,8.8,5.5,14.3
2021-22,1610612750,Minnesota Timberwolves,46,36,0.561,113.8,111.0,101.47,0.358,41.3,0.49,44.2,8.8,5.6,14.4
2022-23,1610612750,Minnesota Timberwolves,42,40,0.512,113.3,113.1,101.55,0.365,33.3,0.485,41.9,8.0,5.4,13.4
2023-24,1610612750,Minnesota Timberwolves,56,26,0.683,114.6,108.4,97.79,0.387,32.7,0.508,43.6,7.9,6.1,14.0
2024-25,1610612750,Minnesota Timberwolves,49,33,0.598,115.7,110.8,97.95,0.377,39.9,0.507,44.3,8.0,5.0,13.0
2025-26,1610612750,Minnesota Timberwolves,49,33,0.598,115.6,112.5,101.5,0.37,37.2,0.499,44.1,8.7,5.8,14.5
1996-97,1610612751,New Jersey Nets,26,56,0.317,102.4,107.2,94.47,0.353,16.7,0.513,46.2,8.3,5.9,14.2
1997-98,1610612751,New Jersey Nets,43,39,0.524,105.8,104.3,93.16,0.331,11.4,0.508,42.5,9.5,3.8,13.3
1998-99,1610612751,New Jersey Nets,16,34,0.32,97.0,101.2,93.73,0.331,13.6,0.496,43.0,9.8,5.5,15.3
1999-00,1610612751,New Jersey Nets,31,51,0.378,102.8,103.9,94.63,0.347,16.8,0.472,40.9,8.8,4.8,13.6
2000-01,1610612751,New Jersey Nets,26,56,0.317,98.4,103.8,93.35,0.333,13.2,0.477,39.6,7.9,5.0,12.9
2001-02,1610612751,New Jersey Nets,52,30,0.634,102.4,98.1,93.2,0.338,14.6,0.503,43.3,8.7,6.0,14.7
2002-03,1610612751,New Jersey Nets,49,33,0.598,102.1,96.6,93.0,0.332,12.7,0.51,42.9,8.7,4.6,13.3
2003-04,1610612751,New Jersey Nets,47,35,0.573,99.0,96.4,90.97,0.336,13.7,0.501,40.7,8.6,3.9,12.5
2004-05,1610612751,New Jersey Nets,42,40,0.512,99.9,101.6,90.41,0.362,14.7,0.495,39.5,7.9,3.8,11.7
2005-06,1610612751,New Jersey Nets,49,33,0.598,102.4,100.9,91.17,0.33,17.6,0.501,41.0,6.8,3.4,10.2
2006-07,1610612751,New Jersey Nets,41,41,0.5,104.2,105.1,92.69,0.363,20.4,0.496,40.8,6.1,3.3,9.4
2007-08,1610612751,New Jersey Nets,34,48,0.415,102.3,107.7,92.96,0.348,17.4,0.502,41.9,6.4,4.8,11.2
2008-09,1610612751,New Jersey Nets,34,48,0.415,106.8,109.5,91.12,0.376,21.2,0.493,39.8,6.8,4.8,11.6
2009-10,1610612751,New Jersey Nets,12,70,0.146,99.3,108.9,92.65,0.318,14.5,0.478,39.7,7.0,4.8,11.8
2010-11,1610612751,New Jersey Nets,24,58,0.293,102.1,108.9,90.7,0.343,16.3,0.497,40.8,5.6,4.7,10.3
2011-12,1610612751,New Jersey Nets,22,44,0.333,101.8,108.1,91.26,0.342,22.4,0.489,40.3,7.5,3.9,11.4
2002-03,1610612740,New Orleans Hornets,47,35,0.573,102.4,100.0,90.72,0.376,13.1,0.518,43.6,8.0,4.8,12.8
2003-04,1610612740,New Orleans Hornets,41,41,0.5,100.7,100.6,90.59,0.319,20.3,0.502,42.8,8.6,4.2,12.8
2004-05,1610612740,New Orleans Hornets,18,64,0.22,98.2,105.9,88.97,0.315,16.0,0.494,40.2,6.7,3.8,10.5
2007-08,1610612740,New Orleans Hornets,56,26,0.683,110.0,104.4,91.04,0.389,19.8,0.506,41.8,7.8,3.9,11.7
2008-09,1610612740,New Orleans Hornets,49,33,0.598,107.6,105.8,88.74,0.364,18.6,0.496,39.7,7.2,4.1,11.3
2009-10,1610612740,New Orleans Hornets,37,45,0.451,106.5,108.9,93.53,0.363,19.2,0.486,40.3,7.6,3.7,11.3
2010-11,1610612740,New Orleans Hornets,46,36,0.561,105.4,104.4,89.4,0.36,15.0,0.503,40.1,7.6,4.4,12.0
2011-12,1610612740,New Orleans Hornets,21,45,0.318,99.9,103.9,89.27,0.333,11.8,0.506,41.1,7.4,4.8,12.2
2012-13,1610612740,New Orleans Hornets,27,55,0.329,104.5,108.9,89.5,0.363,18.0,0.514,41.6,6.3,5.4,11.7
2013-14,1610612740,New Orleans Pelicans,34,48,0.415,106.2,109.1,93.07,0.373,15.9,0.497,41.7,7.9,6.4,14.3
2014-15,1610612740,New Orleans Pelicans,45,37,0.549,107.1,106.3,92.29,0.37,19.3,0.511,43.5,6.7,6.2,12.9
2015-16,1610612740,New Orleans Pelicans,30,52,0.366,104.8,108.4,97.64,0.36,23.8,0.493,42.6,7.7,4.2,11.9
2016-17,1610612740,New Orleans Pelicans,34,48,0.415,104.7,106.8,98.56,0.35,26.8,0.48,43.7,7.8,5.5,13.3
2017-18,1610612740,New Orleans Pelicans,48,34,0.585,108.5,107.4,101.48,0.362,28.2,0.494,44.3,8.0,5.9,13.9
2018-19,1610612740,New Orleans Pelicans,33,49,0.402,110.7,112.0,103.89,0.344,29.9,0.509,47.3,7.4,5.4,12.8
2019-20,1610612740,New Orleans Pelicans,30,42,0.417,110.5,111.8,103.89,0.37,36.9,0.508,46.5,7.5,5.0,12.5
2020-21,1610612740,New Orleans Pelicans,31,41,0.431,113.0,113.3,100.54,0.348,30.4,0.527,47.4,7.6,4.4,12.0
2021-22,1610612740,New Orleans Pelicans,36,46,0.439,111.2,112.0,98.02,0.332,32.1,0.518,45.2,8.3,4.0,12.3
2022-23,1610612740,New Orleans Pelicans,42,40,0.512,113.8,112.0,99.58,0.364,30.1,0.512,43.7,8.3,4.1,12.4
2023-24,1610612740,New Orleans Pelicans,49,33,0.598,116.5,111.9,98.7,0.383,32.6,0.505,44.0,8.3,4.6,12.9
2024-25,1610612740,New Orleans Pelicans,21,61,0.256,109.7,119.1,99.77,0.347,34.6,0.487,43.6,8.5,5.2,13.7
2025-26,1610612740,New Orleans Pelicans,26,56,0.317,113.3,117.6,101.37,0.347,32.1,0.491,43.9,8.9,5.2,14.100000000000001
2005-06,1610612740,New Orleans/Oklahoma City Hornets,38,44,0.463,102.3,105.1,90.32,0.339,10.8,0.497,40.2,7.5,3.8,11.3
2006-07,1610612740,New Orleans/Oklahoma City Hornets,39,43,0.476,103.7,105.4,91.19,0.362,15.3,0.514,43.1,6.4,4.2,10.6
1996-97,1610612752,New York Knicks,57,25,0.695,102.9,99.5,91.84,0.363,15.8,0.519,42.5,7.7,4.6,12.3
1997-98,1610612752,New York Knicks,43,39,0.524,101.5,98.8,89.53,0.335,13.9,0.512,41.6,7.7,3.4,11.1
1998-99,1610612752,New York Knicks,27,23,0.54,97.2,95.9,88.22,0.353,11.8,0.494,41.2,7.9,5.2,13.1
1999-00,1610612752,New York Knicks,50,32,0.61,100.9,99.5,90.54,0.375,11.4,0.496,40.5,6.3,4.3,10.6
2000-01,1610612752,New York Knicks,48,34,0.585,100.0,97.0,87.74,0.351,13.6,0.498,40.2,6.6,4.2,10.8
2001-02,1610612752,New York Knicks,30,52,0.366,100.4,104.6,90.78,0.353,16.4,0.489,40.7,6.8,3.5,10.3
2002-03,1610612752,New York Knicks,37,45,0.451,103.3,104.6,92.06,0.383,19.3,0.48,39.2,7.1,3.1,10.2
2003-04,1610612752,New York Knicks,39,43,0.476,99.7,101.3,91.29,0.364,13.6,0.508,42.6,7.4,4.8,12.2
2004-05,1610612752,New York Knicks,33,49,0.402,104.5,107.2,92.12,0.356,15.1,0.498,41.0,7.7,3.2,10.9
2005-06,1610612752,New York Knicks,23,59,0.28,102.7,109.3,92.03,0.362,10.8,0.518,41.4,6.8,3.3,10.1
2006-07,1610612752,New York Knicks,33,49,0.402,104.3,107.4,91.89,0.346,16.7,0.527,43.3,6.6,3.2,9.8
2007-08,1610612752,New York Knicks,23,59,0.28,103.5,110.4,92.76,0.337,17.7,0.502,42.5,6.4,2.6,9.0
2008-09,1610612752,New York Knicks,32,50,0.39,107.0,109.4,97.82,0.36,27.9,0.48,42.1,7.4,2.5,9.9
2009-10,1610612752,New York Knicks,29,53,0.354,106.4,110.3,95.03,0.346,26.2,0.476,40.4,7.1,3.7,10.8
2010-11,1610612752,New York Knicks,42,40,0.512,109.9,109.0,96.47,0.368,25.4,0.473,40.5,7.6,5.8,13.4
2011-12,1610612752,New York Knicks,36,30,0.545,103.5,100.2,93.91,0.336,23.3,0.503,41.7,9.4,4.2,13.6
2012-13,1610612752,New York Knicks,54,28,0.659,109.8,105.4,90.68,0.376,28.9,0.494,40.6,8.2,3.6,11.8
2013-14,1610612752,New York Knicks,37,45,0.451,107.0,108.1,91.24,0.372,24.9,0.492,40.3,7.7,4.5,12.2
2014-15,1610612752,New York Knicks,17,65,0.207,98.9,109.0,92.06,0.347,19.7,0.484,40.4,7.0,4.7,11.7
2015-16,1610612752,New York Knicks,32,50,0.39,103.9,106.7,94.12,0.346,21.5,0.502,44.4,5.7,5.7,11.4
2016-17,1610612752,New York Knicks,31,51,0.378,107.1,110.7,96.63,0.348,24.7,0.5,45.2,7.1,5.5,12.6
2017-18,1610612752,New York Knicks,29,53,0.354,106.3,109.7,97.64,0.352,23.3,0.509,44.0,6.7,5.1,11.8
2018-19,1610612752,New York Knicks,17,65,0.207,104.0,112.9,100.16,0.34,29.5,0.486,44.7,6.8,5.1,11.9
2019-20,1610612752,New York Knicks,21,45,0.318,105.9,112.4,99.11,0.337,28.4,0.513,46.5,7.6,4.7,12.3
2020-21,1610612752,New York Knicks,41,31,0.569,110.2,107.8,96.32,0.392,30.0,0.505,45.1,7.0,5.1,12.1
2021-22,1610612752,New York Knicks,37,45,0.451,109.7,110.2,96.42,0.357,36.9,0.512,46.1,7.0,4.9,11.9
2022-23,1610612752,New York Knicks,47,35,0.573,117.0,114.2,97.75,0.354,35.7,0.521,46.6,6.4,4.1,10.5
2023-24,1610612752,New York Knicks,50,32,0.61,117.3,112.4,95.96,0.369,35.8,0.527,45.2,7.5,4.1,11.6
2024-25,1610612752,New York Knicks,51,31,0.622,117.3,113.3,97.64,0.369,34.1,0.508,42.6,8.2,4.0,12.2
2025-26,1610612752,New York Knicks,53,29,0.646,118.7,112.3,97.71,0.373,38.2,0.522,45.6,8.1,3.9,12.0
2008-09,1610612760,Oklahoma City Thunder,23,59,0.28,101.4,107.6,95.1,0.346,11.6,0.508,42.6,7.4,4.5,11.9
2009-10,1610612760,Oklahoma City Thunder,50,32,0.61,107.0,103.5,94.13,0.34,15.0,0.511,43.5,8.0,5.9,13.9
2010-11,1610612760,Oklahoma City Thunder,55,27,0.671,109.9,105.9,93.84,0.347,17.1,0.507,42.8,8.0,5.9,13.9
2011-12,1610612760,Oklahoma City Thunder,47,19,0.712,108.4,102.1,94.11,0.358,20.0,0.509,43.7,7.5,8.2,15.7
2012-13,1610612760,Oklahoma City Thunder,60,22,0.732,111.0,101.2,94.58,0.377,19.4,0.513,43.6,8.3,7.6,15.9
2013-14,1610612760,Oklahoma City Thunder,59,23,0.72,109.4,103.0,96.33,0.361,22.4,0.518,44.7,8.3,6.1,14.4
2014-15,1610612760,Oklahoma City Thunder,45,37,0.549,106.7,104.6,96.61,0.339,22.7,0.524,47.5,7.3,5.5,12.8
2015-16,1610612760,Oklahoma City Thunder,55,27,0.671,112.1,104.8,97.54,0.349,23.7,0.541,48.6,7.4,5.9,13.3
2016-17,1610612760,Oklahoma City Thunder,47,35,0.573,107.9,107.1,98.18,0.327,25.8,0.528,46.6,7.9,5.0,12.9
2017-18,1610612760,Oklahoma City Thunder,48,34,0.585,110.1,106.4,97.34,0.354,30.4,0.515,45.1,9.1,5.0,14.1
2018-19,1610612760,Oklahoma City Thunder,49,33,0.598,109.8,106.5,103.38,0.348,32.6,0.509,48.1,9.3,5.2,14.5
2019-20,1610612760,Oklahoma City Thunder,44,28,0.611,110.1,108.1,99.42,0.355,30.2,0.492,42.9,7.6,4.9,12.5
2020-21,1610612760,Oklahoma City Thunder,22,50,0.306,102.8,113.4,101.61,0.339,35.1,0.494,45.6,7.0,4.4,11.4
2021-22,1610612760,Oklahoma City Thunder,24,58,0.293,103.8,111.7,99.39,0.323,37.4,0.487,45.6,7.6,4.6,12.2
2022-23,1610612760,Oklahoma City Thunder,40,42,0.488,114.2,113.2,101.94,0.356,34.1,0.487,43.7,8.2,4.2,12.4
2023-24,1610612760,Oklahoma City Thunder,57,25,0.695,118.3,111.0,100.85,0.389,34.2,0.484,42.0,8.5,6.6,15.1
2024-25,1610612760,Oklahoma City Thunder,68,14,0.829,119.2,106.6,100.9,0.374,38.8,0.496,44.8,10.3,5.7,16.0
2025-26,1610612760,Oklahoma City Thunder,64,18,0.78,117.6,106.5,100.37,0.365,37.9,0.49,44.1,9.7,5.5,15.2
1996-97,1610612753,Orlando Magic,45,37,0.549,103.8,104.2,89.88,0.341,20.3,0.49,40.1,8.5,4.4,12.9
1997-98,1610612753,Orlando Magic,41,41,0.5,101.0,102.2,88.51,0.323,11.1,0.505,41.2,7.9,5.4,13.3
1998-99,1610612753,Orlando Magic,33,17,0.66,98.9,96.3,89.93,0.33,13.5,0.518,42.7,9.9,4.3,14.2
1999-00,1610612753,Orlando Magic,41,41,0.5,101.1,100.3,98.68,0.338,10.6,0.506,44.9,9.1,5.7,14.8
2000-01,1610612753,Orlando Magic,43,39,0.524,102.1,101.1,94.14,0.364,16.4,0.489,42.9,8.2,5.9,14.1
2001-02,1610612753,Orlando Magic,44,38,0.537,105.6,104.1,94.4,0.373,20.2,0.477,41.2,8.1,4.7,12.8
2002-03,1610612753,Orlando Magic,42,40,0.512,103.7,103.7,94.33,0.357,19.4,0.485,40.9,8.5,3.7,12.2
2003-04,1610612753,Orlando Magic,21,61,0.256,101.4,108.8,92.14,0.344,15.2,0.481,40.9,6.7,3.8,10.5
2004-05,1610612753,Orlando Magic,36,46,0.439,103.4,105.7,96.15,0.349,11.2,0.507,43.7,7.7,5.4,13.1
2005-06,1610612753,Orlando Magic,36,46,0.439,105.3,106.6,89.12,0.376,9.7,0.516,40.2,6.5,4.4,10.9
2006-07,1610612753,Orlando Magic,40,42,0.488,104.1,103.3,90.54,0.356,11.7,0.519,40.7,6.9,5.1,12.0
2007-08,1610612753,Orlando Magic,52,30,0.634,110.4,104.9,94.02,0.386,25.3,0.501,42.0,6.3,4.1,10.4
2008-09,1610612753,Orlando Magic,59,23,0.72,108.3,101.3,92.99,0.381,26.2,0.502,43.3,7.0,5.4,12.4
2009-10,1610612753,Orlando Magic,59,23,0.72,110.7,102.8,92.54,0.375,27.3,0.512,43.2,6.2,5.6,11.8
2010-11,1610612753,Orlando Magic,52,30,0.634,107.4,101.8,91.55,0.366,25.6,0.518,43.2,6.7,4.7,11.4
2011-12,1610612753,Orlando Magic,37,29,0.561,104.0,103.4,89.75,0.375,27.0,0.51,42.5,6.8,4.2,11.0
2012-13,1610612753,Orlando Magic,20,62,0.244,100.9,108.4,92.81,0.329,18.7,0.498,42.7,6.4,4.4,10.8
2013-14,1610612753,Orlando Magic,23,59,0.28,101.0,106.6,94.27,0.353,19.5,0.49,42.0,7.7,4.3,12.0
2014-15,1610612753,Orlando Magic,25,57,0.305,101.0,106.8,94.51,0.347,19.5,0.491,41.8,7.9,3.8,11.7
2015-16,1610612753,Orlando Magic,35,47,0.427,104.4,106.0,96.68,0.35,22.2,0.495,43.3,8.2,5.1,13.3
2016-17,1610612753,Orlando Magic,29,53,0.354,103.7,110.3,96.9,0.328,26.1,0.491,43.2,7.1,4.8,11.9
2017-18,1610612753,Orlando Magic,25,57,0.305,104.7,109.4,98.58,0.351,29.3,0.48,41.6,7.6,4.9,12.5
2018-19,1610612753,Orlando Magic,42,40,0.512,108.2,107.6,98.65,0.356,32.1,0.504,45.4,6.6,5.4,12.0
2019-20,1610612753,Orlando Magic,33,40,0.452,107.9,109.2,98.99,0.343,32.2,0.5,44.5,8.2,5.4,13.6
2020-21,1610612753,Orlando Magic,21,51,0.292,104.6,113.9,99.17,0.343,31.8,0.488,45.4,6.9,4.4,11.3
2021-22,1610612753,Orlando Magic,22,60,0.268,103.9,112.1,99.71,0.331,36.9,0.49,44.3,6.8,4.5,11.3
2022-23,1610612753,Orlando Magic,34,48,0.415,111.3,113.7,99.66,0.346,31.1,0.505,43.2,7.4,4.7,12.1
2023-24,1610612753,Orlando Magic,47,35,0.573,112.9,110.8,97.37,0.352,31.3,0.515,42.3,8.2,5.2,13.4
2024-25,1610612753,Orlando Magic,41,41,0.5,108.9,109.1,96.51,0.318,35.3,0.501,41.8,8.9,6.0,14.9
2025-26,1610612753,Orlando Magic,45,37,0.549,114.2,113.6,100.56,0.343,34.1,0.505,43.4,8.5,4.7,13.2
1996-97,1610612755,Philadelphia 76ers,22,60,0.268,102.6,109.5,97.05,0.319,16.5,0.504,44.2,8.3,4.8,13.1
1997-98,1610612755,Philadelphia 76ers,31,51,0.378,101.1,103.3,92.11,0.3,9.9,0.499,41.7,8.9,6.0,14.9
1998-99,1610612755,Philadelphia 76ers,28,22,0.56,97.8,95.5,90.56,0.264,7.4,0.515,43.1,10.8,5.4,16.200000000000003
1999-00,1610612755,Philadelphia 76ers,49,33,0.598,99.9,98.3,94.25,0.323,7.8,0.504,44.1,9.6,4.7,14.3
2000-01,1610612755,Philadelphia 76ers,56,26,0.683,101.9,97.3,92.09,0.326,9.8,0.523,44.8,8.4,5.0,13.4
2001-02,1610612755,Philadelphia 76ers,43,39,0.524,100.5,98.7,90.32,0.299,8.7,0.523,44.2,8.6,4.4,13.0
2002-03,1610612755,Philadelphia 76ers,48,34,0.585,103.2,100.6,93.07,0.311,9.6,0.509,42.2,10.3,3.5,13.8
2003-04,1610612755,Philadelphia 76ers,33,49,0.402,97.8,100.4,89.26,0.342,12.1,0.498,40.8,8.0,4.4,12.4
2004-05,1610612755,Philadelphia 76ers,43,39,0.524,101.8,102.5,96.56,0.348,17.7,0.491,42.0,9.2,3.9,13.1
2005-06,1610612755,Philadelphia 76ers,38,44,0.463,104.7,106.5,93.91,0.364,12.6,0.481,40.2,7.9,4.9,12.8
2006-07,1610612755,Philadelphia 76ers,35,47,0.427,102.4,105.6,91.84,0.345,10.0,0.493,39.7,7.2,4.8,12.0
2007-08,1610612755,Philadelphia 76ers,40,42,0.488,105.1,104.7,91.56,0.317,11.6,0.515,41.9,8.7,4.9,13.6
2008-09,1610612755,Philadelphia 76ers,41,41,0.5,106.3,106.1,91.3,0.318,13.1,0.508,41.2,8.0,5.1,13.1
2009-10,1610612755,Philadelphia 76ers,27,55,0.329,104.8,108.9,92.72,0.343,16.8,0.498,41.0,8.1,5.4,13.5
2010-11,1610612755,Philadelphia 76ers,41,41,0.5,105.3,103.8,92.78,0.355,15.2,0.497,41.8,7.6,4.3,11.9
2011-12,1610612755,Philadelphia 76ers,35,31,0.53,102.7,98.2,90.68,0.362,14.6,0.495,43.2,8.0,5.2,13.2
2012-13,1610612755,Philadelphia 76ers,34,48,0.415,101.0,104.7,91.88,0.36,17.5,0.489,41.3,7.4,4.7,12.1
2013-14,1610612755,Philadelphia 76ers,19,63,0.232,99.0,109.0,99.74,0.312,22.5,0.479,42.7,9.3,4.0,13.3
2014-15,1610612755,Philadelphia 76ers,18,64,0.22,94.9,103.9,96.45,0.32,26.3,0.48,42.9,9.6,5.9,15.5
2015-16,1610612755,Philadelphia 76ers,10,72,0.122,98.4,108.6,98.44,0.339,27.5,0.466,41.2,8.3,6.0,14.3
2016-17,1610612755,Philadelphia 76ers,28,54,0.341,102.7,108.2,99.07,0.34,29.8,0.49,42.8,8.4,5.1,13.5
2017-18,1610612755,Philadelphia 76ers,52,30,0.634,108.5,103.9,100.75,0.369,29.8,0.52,47.4,8.3,5.1,13.4
2018-19,1610612755,Philadelphia 76ers,51,31,0.622,111.6,109.0,102.59,0.359,30.2,0.517,47.8,7.4,5.3,12.7
2019-20,1610612755,Philadelphia 76ers,43,30,0.589,110.7,108.4,99.59,0.368,31.6,0.516,45.4,8.0,5.3,13.3
2020-21,1610612755,Philadelphia 76ers,49,23,0.681,112.5,107.0,100.12,0.374,30.1,0.511,45.1,9.1,6.2,15.3
2021-22,1610612755,Philadelphia 76ers,51,31,0.622,113.0,110.2,96.71,0.364,31.8,0.49,42.3,7.7,5.3,13.0
2022-23,1610612755,Philadelphia 76ers,54,28,0.659,117.0,112.7,97.44,0.387,32.6,0.496,40.9,7.7,4.7,12.4
2023-24,1610612755,Philadelphia 76ers,47,35,0.573,116.2,113.0,98.17,0.363,33.3,0.493,43.0,8.5,6.0,14.5
2024-25,1610612755,Philadelphia 76ers,24,58,0.293,111.0,117.3,98.13,0.341,37.2,0.471,39.8,9.2,4.5,13.7
2025-26,1610612755,Philadelphia 76ers,45,37,0.549,114.3,114.4,100.4,0.349,35.3,0.491,43.6,9.1,5.7,14.8
1996-97,1610612756,Phoenix Suns,40,42,0.488,108.0,107.1,94.46,0.369,17.4,0.482,40.1,8.1,3.9,12.0
1997-98,1610612756,Phoenix Suns,56,26,0.683,106.3,100.6,92.47,0.356,14.8,0.497,42.0,9.2,5.2,14.4
1998-99,1610612756,Phoenix Suns,27,23,0.54,103.9,101.6,91.54,0.372,14.0,0.489,40.3,8.9,4.0,12.9
1999-00,1610612756,Phoenix Suns,53,29,0.646,102.7,97.3,95.67,0.368,15.2,0.5,43.7,9.1,5.3,14.4
2000-01,1610612756,Phoenix Suns,51,31,0.622,98.9,96.7,94.41,0.315,12.9,0.5,42.7,9.5,5.2,14.7
2001-02,1610612756,Phoenix Suns,36,46,0.439,101.8,102.6,92.74,0.327,13.4,0.498,42.7,8.1,4.9,13.0
2002-03,1610612756,Phoenix Suns,44,38,0.537,102.6,101.3,92.59,0.343,14.0,0.496,42.5,8.1,4.9,13.0
2003-04,1610612756,Phoenix Suns,29,53,0.354,100.3,104.2,93.72,0.345,14.7,0.479,40.6,9.0,4.7,13.7
2004-05,1610612756,Phoenix Suns,62,20,0.756,112.7,105.7,97.35,0.393,24.7,0.49,44.1,7.0,5.5,12.5
2005-06,1610612756,Phoenix Suns,54,28,0.659,110.2,104.7,96.92,0.399,25.6,0.48,41.8,6.7,5.0,11.7
2006-07,1610612756,Phoenix Suns,61,21,0.744,112.9,105.5,96.45,0.399,24.0,0.484,40.5,6.7,4.8,11.5
2007-08,1610612756,Phoenix Suns,55,27,0.671,112.0,107.0,97.72,0.393,21.5,0.481,41.5,6.5,6.3,12.8
2008-09,1610612756,Phoenix Suns,46,36,0.561,112.4,110.4,96.99,0.383,17.6,0.503,41.7,7.2,5.1,12.3
2009-10,1610612756,Phoenix Suns,54,28,0.659,113.9,109.1,96.43,0.412,21.6,0.503,43.0,5.8,5.1,10.9
2010-11,1610612756,Phoenix Suns,40,42,0.488,108.6,109.4,95.18,0.377,22.6,0.48,40.2,6.6,4.4,11.0
2011-12,1610612756,Phoenix Suns,33,33,0.5,105.2,105.2,93.61,0.343,19.6,0.493,41.7,6.5,5.5,12.0
2012-13,1610612756,Phoenix Suns,25,57,0.305,100.2,106.9,94.48,0.33,17.7,0.491,41.6,8.0,5.3,13.3
2013-14,1610612756,Phoenix Suns,48,34,0.585,108.2,105.6,96.83,0.372,25.1,0.5,43.0,8.4,4.6,13.0
2014-15,1610612756,Phoenix Suns,39,43,0.476,104.2,105.3,97.2,0.341,25.0,0.489,43.2,8.5,4.7,13.2
2015-16,1610612756,Phoenix Suns,23,59,0.28,101.5,107.9,99.39,0.348,25.8,0.508,44.8,7.7,3.8,11.5
2016-17,1610612756,Phoenix Suns,24,58,0.293,106.1,111.3,100.85,0.332,22.6,0.503,45.0,8.2,4.9,13.1
2017-18,1610612756,Phoenix Suns,21,61,0.256,102.8,111.7,101.14,0.334,27.9,0.493,44.1,6.9,4.5,11.4
2018-19,1610612756,Phoenix Suns,19,63,0.232,105.3,114.2,101.15,0.329,29.3,0.464,40.4,9.0,5.1,14.1
2019-20,1610612756,Phoenix Suns,34,39,0.466,111.3,110.8,101.74,0.358,31.8,0.498,43.5,7.7,4.0,11.7
2020-21,1610612756,Phoenix Suns,51,21,0.708,116.3,110.4,98.0,0.378,34.6,0.5,42.9,7.2,4.3,11.5
2021-22,1610612756,Phoenix Suns,64,18,0.78,114.2,106.8,100.26,0.364,31.9,0.503,45.3,8.6,4.4,13.0
2022-23,1610612756,Phoenix Suns,45,37,0.549,114.5,112.3,98.83,0.374,32.6,0.508,44.2,7.1,5.3,12.4
2023-24,1610612756,Phoenix Suns,49,33,0.598,116.8,113.7,99.0,0.382,32.6,0.514,44.1,7.4,6.0,13.4
2024-25,1610612756,Phoenix Suns,36,46,0.439,114.7,117.7,98.31,0.378,38.0,0.493,42.5,7.2,4.8,12.0
2025-26,1610612756,Phoenix Suns,45,37,0.549,114.2,112.9,98.14,0.361,40.8,0.498,43.1,9.5,4.2,13.7
1996-97,1610612757,Portland Trail Blazers,49,33,0.598,106.3,102.1,92.17,0.358,17.1,0.527,43.3,7.8,5.3,13.1
1997-98,1610612757,Portland Trail Blazers,46,36,0.561,102.4,100.8,91.46,0.309,12.8,0.525,44.0,7.1,5.7,12.8
1998-99,1610612757,Portland Trail Blazers,35,15,0.7,102.8,96.2,90.81,0.364,13.5,0.519,44.3,8.2,5.8,14.0
1999-00,1610612757,Portland Trail Blazers,59,23,0.72,106.5,99.5,91.03,0.361,13.8,0.523,43.0,7.7,4.8,12.5
2000-01,1610612757,Portland Trail Blazers,50,32,0.61,104.7,100.5,90.53,0.349,12.9,0.522,42.0,8.2,5.1,13.3
2001-02,1610612757,Portland Trail Blazers,49,33,0.598,105.9,102.6,90.55,0.354,16.1,0.522,43.0,8.6,4.5,13.1
2002-03,1610612757,Portland Trail Blazers,50,32,0.61,104.2,101.5,90.44,0.33,14.0,0.515,41.1,8.8,3.9,12.7
2003-04,1610612757,Portland Trail Blazers,41,41,0.5,102.1,103.5,87.54,0.346,13.4,0.507,41.7,7.5,5.4,12.9
2004-05,1610612757,Portland Trail Blazers,27,55,0.329,101.9,106.1,91.05,0.362,14.2,0.496,41.1,7.1,6.6,13.7
2005-06,1610612757,Portland Trail Blazers,21,61,0.256,99.7,110.3,88.88,0.349,12.7,0.48,37.7,6.5,5.3,11.8
2006-07,1610612757,Portland Trail Blazers,32,50,0.39,103.8,108.6,89.36,0.346,15.0,0.507,39.3,6.8,4.6,11.4
2007-08,1610612757,Portland Trail Blazers,41,41,0.5,105.9,106.8,89.1,0.377,17.4,0.495,40.7,5.5,4.4,9.9
2008-09,1610612757,Portland Trail Blazers,54,28,0.659,112.1,106.1,88.02,0.383,19.0,0.528,41.7,6.7,4.9,11.6
2009-10,1610612757,Portland Trail Blazers,50,32,0.61,109.6,106.1,88.64,0.354,16.9,0.51,40.2,6.4,4.3,10.7
2010-11,1610612757,Portland Trail Blazers,48,34,0.585,107.3,105.7,89.13,0.345,18.3,0.499,39.3,8.0,4.4,12.4
2011-12,1610612757,Portland Trail Blazers,28,38,0.424,104.4,105.3,92.24,0.346,20.9,0.493,40.7,8.0,4.9,12.9
2012-13,1610612757,Portland Trail Blazers,33,49,0.402,104.5,107.9,92.46,0.353,23.2,0.495,40.8,6.6,4.3,10.9
2013-14,1610612757,Portland Trail Blazers,54,28,0.659,110.4,106.2,95.9,0.372,25.3,0.517,46.4,5.5,4.7,10.2
2014-15,1610612757,Portland Trail Blazers,51,31,0.622,107.1,102.8,95.06,0.362,27.2,0.51,45.9,6.4,4.5,10.9
2015-16,1610612757,Portland Trail Blazers,44,38,0.537,107.6,106.8,97.06,0.37,28.5,0.51,45.5,6.9,4.6,11.5
2016-17,1610612757,Portland Trail Blazers,41,41,0.5,109.4,110.0,97.38,0.375,27.7,0.496,43.7,7.0,5.0,12.0
2017-18,1610612757,Portland Trail Blazers,49,33,0.598,108.4,105.7,97.11,0.366,28.1,0.513,45.5,7.0,5.2,12.2
2018-19,1610612757,Portland Trail Blazers,53,29,0.646,113.7,109.5,99.96,0.359,30.7,0.526,48.0,6.7,5.0,11.7
2019-20,1610612757,Portland Trail Blazers,35,39,0.473,113.2,114.3,101.17,0.377,34.1,0.492,45.3,6.3,6.1,12.4
2020-21,1610612757,Portland Trail Blazers,42,30,0.583,117.1,115.3,98.97,0.385,40.8,0.495,44.5,6.9,5.0,11.9
2021-22,1610612757,Portland Trail Blazers,27,55,0.329,107.3,116.3,98.74,0.346,36.8,0.487,42.9,8.0,4.5,12.5
2022-23,1610612757,Portland Trail Blazers,33,49,0.402,114.0,118.0,99.25,0.365,35.3,0.486,40.5,6.7,4.6,11.3
2023-24,1610612757,Portland Trail Blazers,21,61,0.256,107.6,116.6,97.88,0.345,33.2,0.498,42.7,7.6,4.3,11.9
2024-25,1610612757,Portland Trail Blazers,36,46,0.439,111.0,113.7,99.51,0.342,37.7,0.501,44.8,8.3,5.3,13.6
2025-26,1610612757,Portland Trail Blazers,42,40,0.512,113.1,113.5,101.63,0.343,42.2,0.517,46.0,8.3,5.5,13.8
1996-97,1610612758,Sacramento Kings,34,48,0.415,102.7,107.0,92.68,0.391,12.9,0.502,41.5,7.2,4.4,11.6
1997-98,1610612758,Sacramento Kings,27,55,0.329,99.1,105.0,93.78,0.351,9.8,0.483,41.4,7.3,5.1,12.4
1998-99,1610612758,Sacramento Kings,27,23,0.54,101.2,101.6,97.36,0.308,18.9,0.493,45.6,8.9,4.6,13.5
1999-00,1610612758,Sacramento Kings,44,38,0.537,103.6,100.7,100.66,0.322,20.2,0.493,45.0,9.6,4.6,14.2
2000-01,1610612758,Sacramento Kings,55,27,0.671,104.2,98.5,95.61,0.354,16.5,0.497,45.0,9.7,5.3,15.0
2001-02,1610612758,Sacramento Kings,61,21,0.744,107.9,99.7,96.74,0.367,14.1,0.502,45.3,9.0,4.6,13.6
2002-03,1610612758,Sacramento Kings,59,23,0.72,104.4,97.8,96.63,0.381,15.7,0.493,44.5,9.0,5.6,14.6
2003-04,1610612758,Sacramento Kings,55,27,0.671,108.6,103.2,94.25,0.401,18.3,0.488,41.2,8.7,4.0,12.7
2004-05,1610612758,Sacramento Kings,50,32,0.61,108.8,106.5,94.52,0.374,17.0,0.491,42.4,8.2,3.9,12.1
2005-06,1610612758,Sacramento Kings,44,38,0.537,105.3,103.5,93.26,0.351,17.2,0.495,40.5,7.4,3.6,11.0
2006-07,1610612758,Sacramento Kings,33,49,0.402,105.1,106.7,95.83,0.35,18.5,0.477,38.9,8.2,3.2,11.4
2007-08,1610612758,Sacramento Kings,38,44,0.463,106.2,108.6,95.81,0.373,16.7,0.493,40.1,7.9,4.1,12.0
2008-09,1610612758,Sacramento Kings,17,65,0.207,104.4,113.4,95.29,0.368,19.4,0.477,39.1,6.9,4.3,11.2
2009-10,1610612758,Sacramento Kings,25,57,0.305,104.4,109.1,94.78,0.349,16.9,0.504,42.6,6.9,4.5,11.4
2010-11,1610612758,Sacramento Kings,24,58,0.293,102.9,108.4,95.76,0.335,15.6,0.512,43.9,7.4,4.8,12.2
2011-12,1610612758,Sacramento Kings,22,44,0.333,102.9,108.7,95.56,0.316,19.7,0.487,42.9,8.5,4.9,13.4
2012-13,1610612758,Sacramento Kings,28,54,0.341,105.3,110.0,94.65,0.363,20.5,0.485,40.6,8.2,4.2,12.4
2013-14,1610612758,Sacramento Kings,28,54,0.341,105.1,107.8,95.04,0.333,18.0,0.518,44.5,7.2,3.9,11.1
2014-15,1610612758,Sacramento Kings,29,53,0.354,104.5,108.2,96.16,0.341,16.5,0.519,44.2,6.7,4.0,10.7
2015-16,1610612758,Sacramento Kings,33,49,0.402,105.3,107.6,100.66,0.359,22.4,0.5,44.2,8.9,4.5,13.4
2016-17,1610612758,Sacramento Kings,32,50,0.39,106.6,110.8,95.42,0.376,23.9,0.492,41.1,7.6,4.0,11.6
2017-18,1610612758,Sacramento Kings,27,55,0.329,103.1,110.4,95.5,0.375,24.0,0.489,40.9,7.8,4.1,11.9
2018-19,1610612758,Sacramento Kings,39,43,0.476,109.6,110.8,103.88,0.378,29.9,0.487,45.4,8.3,4.4,12.7
2019-20,1610612758,Sacramento Kings,31,41,0.431,109.5,111.4,99.6,0.364,34.9,0.492,42.6,7.7,4.1,11.8
2020-21,1610612758,Sacramento Kings,31,41,0.431,112.7,116.5,100.71,0.364,33.3,0.482,41.4,7.5,5.0,12.5
2021-22,1610612758,Sacramento Kings,30,52,0.366,109.6,114.8,100.1,0.344,33.2,0.484,42.9,7.2,4.5,11.7
2022-23,1610612758,Sacramento Kings,48,34,0.585,118.6,116.0,100.99,0.369,37.3,0.499,42.5,7.0,3.4,10.4
2023-24,1610612758,Sacramento Kings,46,36,0.561,116.2,114.4,99.46,0.366,39.3,0.507,44.0,7.6,4.2,11.8
2024-25,1610612758,Sacramento Kings,40,42,0.488,115.9,115.3,98.91,0.357,35.2,0.51,44.2,7.6,4.4,12.0
2025-26,1610612758,Sacramento Kings,22,60,0.268,110.6,120.3,100.12,0.34,30.2,0.487,42.3,8.0,4.5,12.5
1996-97,1610612759,San Antonio Spurs,20,62,0.244,102.1,110.8,88.45,0.32,14.4,0.49,39.4,7.9,5.3,13.2
1997-98,1610612759,San Antonio Spurs,56,26,0.683,102.4,98.0,89.65,0.35,10.5,0.524,44.2,6.3,6.9,13.2
1998-99,1610612759,San Antonio Spurs,37,13,0.74,102.7,93.6,89.88,0.33,10.4,0.512,44.0,8.4,7.0,15.4
1999-00,1610612759,San Antonio Spurs,53,29,0.646,103.5,97.1,92.11,0.374,10.8,0.512,43.8,7.5,6.7,14.2
2000-01,1610612759,San Antonio Spurs,58,24,0.707,105.0,96.6,90.87,0.407,13.3,0.511,44.1,6.9,7.0,13.9
2001-02,1610612759,San Antonio Spurs,58,24,0.707,105.4,98.5,91.06,0.362,14.8,0.501,42.4,7.6,6.5,14.1
2002-03,1610612759,San Antonio Spurs,60,22,0.732,103.9,98.1,91.46,0.354,15.5,0.508,42.6,7.7,6.5,14.2
2003-04,1610612759,San Antonio Spurs,57,25,0.695,101.0,93.1,90.23,0.358,13.9,0.516,45.1,8.1,6.5,14.6
2004-05,1610612759,San Antonio Spurs,59,23,0.72,106.1,97.8,89.96,0.363,17.0,0.51,42.4,7.5,6.6,14.1
2005-06,1610612759,San Antonio Spurs,63,19,0.768,106.2,98.7,89.41,0.385,16.6,0.505,41.5,6.6,5.7,12.3
2006-07,1610612759,San Antonio Spurs,58,24,0.707,108.6,99.4,90.22,0.381,19.0,0.505,40.7,7.2,5.1,12.3
2007-08,1610612759,San Antonio Spurs,56,26,0.683,106.0,100.7,89.72,0.369,19.6,0.503,41.3,6.4,4.1,10.5
2008-09,1610612759,San Antonio Spurs,54,28,0.659,107.6,103.4,89.19,0.386,19.8,0.502,41.0,5.8,4.0,9.8
2009-10,1610612759,San Antonio Spurs,50,32,0.61,109.3,103.9,92.26,0.358,18.9,0.515,42.8,6.3,4.6,10.9
2010-11,1610612759,San Antonio Spurs,61,21,0.744,110.5,104.4,93.34,0.397,21.1,0.5,41.9,7.3,4.5,11.8
2011-12,1610612759,San Antonio Spurs,50,16,0.758,110.0,102.3,93.67,0.393,21.3,0.507,43.0,7.4,4.4,11.8
2012-13,1610612759,San Antonio Spurs,58,24,0.707,107.0,100.3,95.31,0.376,21.5,0.493,41.3,8.5,5.4,13.9
2013-14,1610612759,San Antonio Spurs,62,20,0.756,109.5,101.4,95.87,0.397,21.4,0.503,43.3,7.4,5.1,12.5
2014-15,1610612759,San Antonio Spurs,55,27,0.671,107.6,101.4,94.45,0.367,22.5,0.507,43.6,8.0,5.4,13.4
2015-16,1610612759,San Antonio Spurs,67,15,0.817,109.3,98.2,94.54,0.375,18.5,0.516,43.9,8.3,5.9,14.2
2016-17,1610612759,San Antonio Spurs,61,21,0.744,110.3,102.9,94.86,0.391,23.5,0.511,43.9,8.0,5.9,13.9
2017-18,1610612759,San Antonio Spurs,47,35,0.573,107.1,104.1,95.7,0.352,24.1,0.508,44.2,7.7,5.6,13.3
2018-19,1610612759,San Antonio Spurs,48,34,0.585,112.2,110.6,98.88,0.392,25.3,0.501,44.7,6.1,4.7,10.8
2019-20,1610612759,San Antonio Spurs,32,39,0.451,111.7,112.6,101.14,0.376,28.5,0.495,44.6,7.3,5.5,12.8
2020-21,1610612759,San Antonio Spurs,33,39,0.458,110.5,112.0,99.45,0.35,28.4,0.485,43.9,7.0,5.1,12.1
2021-22,1610612759,San Antonio Spurs,34,48,0.415,111.9,111.7,100.51,0.352,32.0,0.494,45.3,7.6,4.9,12.5
2022-23,1610612759,San Antonio Spurs,22,60,0.268,109.7,119.6,102.07,0.345,32.2,0.495,43.7,7.0,3.9,10.9
2023-24,1610612759,San Antonio Spurs,22,60,0.268,109.3,115.6,101.8,0.347,36.4,0.492,44.2,7.1,6.3,13.4
2024-25,1610612759,San Antonio Spurs,34,48,0.415,113.5,116.3,100.08,0.357,39.6,0.485,43.7,8.2,5.5,13.7
2025-26,1610612759,San Antonio Spurs,62,20,0.756,118.7,110.4,100.72,0.359,37.9,0.521,47.0,7.5,5.5,13.0
1996-97,1610612760,Seattle SuperSonics,57,25,0.695,109.6,101.0,91.68,0.353,19.3,0.5,40.0,11.0,4.7,15.7
1997-98,1610612760,Seattle SuperSonics,61,21,0.744,110.1,102.3,90.96,0.395,19.2,0.481,38.5,9.8,4.6,14.4
1998-99,1610612760,Seattle SuperSonics,25,25,0.5,103.2,104.2,91.22,0.344,18.0,0.506,42.0,7.9,4.0,11.9
1999-00,1610612760,Seattle SuperSonics,45,37,0.549,104.0,103.1,94.74,0.339,19.6,0.491,43.0,8.0,4.2,12.2
2000-01,1610612760,Seattle SuperSonics,44,38,0.537,104.4,104.2,92.69,0.399,14.3,0.496,41.7,8.0,5.0,13.0
2001-02,1610612760,Seattle SuperSonics,45,37,0.549,107.3,104.1,90.35,0.378,15.8,0.49,40.3,8.5,4.4,12.9
2002-03,1610612760,Seattle SuperSonics,40,42,0.488,102.4,102.6,89.17,0.353,15.7,0.497,40.8,8.3,3.6,11.9
2003-04,1610612760,Seattle SuperSonics,37,45,0.451,105.6,106.4,91.34,0.373,23.6,0.479,39.3,8.1,4.7,12.8
2004-05,1610612760,Seattle SuperSonics,52,30,0.634,110.3,108.0,89.24,0.365,22.2,0.517,40.9,6.7,4.1,10.8
2005-06,1610612760,Seattle SuperSonics,35,47,0.427,109.4,112.7,93.04,0.371,19.9,0.495,39.6,7.6,3.7,11.3
2006-07,1610612760,Seattle SuperSonics,31,51,0.378,105.9,108.9,92.92,0.362,17.7,0.492,39.6,7.7,3.7,11.4
2007-08,1610612760,Seattle SuperSonics,20,62,0.244,99.6,108.3,97.32,0.333,11.5,0.502,44.6,6.5,4.9,11.4
1996-97,1610612761,Toronto Raptors,30,52,0.366,102.9,106.4,92.03,0.363,19.8,0.498,41.3,8.8,6.3,15.1
1997-98,1610612761,Toronto Raptors,16,66,0.195,99.4,108.9,94.36,0.343,13.2,0.466,40.7,9.4,8.1,17.5
1998-99,1610612761,Toronto Raptors,23,27,0.46,99.8,101.8,90.67,0.341,13.2,0.515,43.2,8.8,6.4,15.2
1999-00,1610612761,Toronto Raptors,45,37,0.549,102.7,102.8,94.3,0.363,14.3,0.499,43.3,8.1,6.6,14.7
2000-01,1610612761,Toronto Raptors,47,35,0.573,104.4,102.0,92.22,0.369,14.2,0.515,44.5,7.3,6.3,13.6
2001-02,1610612761,Toronto Raptors,42,40,0.512,101.1,101.7,90.02,0.349,13.5,0.503,42.1,8.4,5.6,14.0
2002-03,1610612761,Toronto Raptors,24,58,0.293,99.3,105.6,91.01,0.343,14.5,0.491,41.2,7.4,4.8,12.2
2003-04,1610612761,Toronto Raptors,33,49,0.402,95.3,98.8,88.24,0.356,15.8,0.471,39.6,7.4,4.9,12.3
2004-05,1610612761,Toronto Raptors,33,49,0.402,105.4,107.2,94.01,0.385,20.5,0.473,40.1,7.6,3.9,11.5
2005-06,1610612761,Toronto Raptors,27,55,0.329,107.9,111.2,92.33,0.375,19.8,0.484,38.5,6.5,3.3,9.8
2006-07,1610612761,Toronto Raptors,47,35,0.573,105.7,104.4,93.86,0.363,17.9,0.481,39.5,7.1,3.9,11.0
2007-08,1610612761,Toronto Raptors,41,41,0.5,108.9,105.6,91.35,0.392,17.8,0.489,40.1,7.0,4.1,11.1
2008-09,1610612761,Toronto Raptors,33,49,0.402,105.5,108.6,93.26,0.372,15.7,0.493,40.4,6.4,4.8,11.2
2009-10,1610612761,Toronto Raptors,40,42,0.488,110.2,112.2,93.94,0.371,17.0,0.495,40.4,5.7,4.7,10.4
2010-11,1610612761,Toronto Raptors,22,60,0.268,105.2,111.7,93.78,0.316,13.3,0.495,40.3,7.1,4.3,11.4
2011-12,1610612761,Toronto Raptors,23,43,0.348,99.6,103.6,90.19,0.34,16.3,0.503,42.0,6.5,4.9,11.4
2012-13,1610612761,Toronto Raptors,34,48,0.415,105.0,106.4,91.26,0.343,20.3,0.49,40.2,7.3,4.8,12.1
2013-14,1610612761,Toronto Raptors,48,34,0.585,107.9,104.6,92.48,0.372,23.4,0.505,42.5,7.0,4.2,11.2
2014-15,1610612761,Toronto Raptors,49,33,0.598,110.2,107.1,93.46,0.352,25.1,0.494,41.5,7.5,4.4,11.9
2015-16,1610612761,Toronto Raptors,56,26,0.683,109.3,104.8,93.35,0.37,23.4,0.52,43.4,7.8,5.5,13.3
2016-17,1610612761,Toronto Raptors,51,31,0.622,111.4,107.1,95.41,0.363,24.3,0.505,43.3,8.3,4.9,13.2
2017-18,1610612761,Toronto Raptors,59,23,0.72,113.0,105.3,98.02,0.358,33.0,0.502,44.0,7.6,6.1,13.7
2018-19,1610612761,Toronto Raptors,58,24,0.707,112.6,106.8,100.51,0.366,33.8,0.502,45.2,8.3,5.3,13.6
2019-20,1610612761,Toronto Raptors,53,19,0.736,110.8,104.7,101.19,0.374,37.0,0.496,45.4,8.8,5.0,13.8
2020-21,1610612761,Toronto Raptors,27,45,0.375,111.6,112.0,99.57,0.368,39.3,0.479,41.6,8.6,5.4,14.0
2021-22,1610612761,Toronto Raptors,48,34,0.585,112.1,109.9,96.63,0.349,34.2,0.508,45.3,9.0,4.6,13.6
2022-23,1610612761,Toronto Raptors,41,41,0.5,114.6,113.1,97.85,0.335,32.0,0.502,43.0,9.4,5.2,14.6
2023-24,1610612761,Toronto Raptors,25,57,0.305,111.8,118.1,99.91,0.347,33.1,0.484,42.7,7.7,4.7,12.4
2024-25,1610612761,Toronto Raptors,30,52,0.366,109.6,113.6,100.62,0.348,34.0,0.5,45.1,8.1,4.2,12.3
2025-26,1610612761,Toronto Raptors,46,36,0.561,115.0,112.1,99.22,0.354,32.1,0.496,42.1,8.8,4.8,13.600000000000001
1996-97,1610612762,Utah Jazz,64,18,0.78,112.4,102.6,91.1,0.37,11.0,0.518,40.2,9.1,5.1,14.2
1997-98,1610612762,Utah Jazz,62,20,0.756,110.9,103.8,90.55,0.372,8.2,0.529,41.1,7.9,5.0,12.9
1998-99,1610612762,Utah Jazz,37,13,0.74,104.2,96.7,88.37,0.361,7.8,0.516,41.3,8.0,5.5,13.5
1999-00,1610612762,Utah Jazz,55,27,0.671,105.7,101.1,90.84,0.385,10.4,0.516,41.0,7.7,5.4,13.1
2000-01,1610612762,Utah Jazz,53,29,0.646,106.1,100.9,91.08,0.381,10.4,0.519,40.6,8.1,5.6,13.7
2001-02,1610612762,Utah Jazz,44,38,0.537,103.8,102.9,91.75,0.333,10.3,0.521,42.2,9.1,6.4,15.5
2002-03,1610612762,Utah Jazz,47,35,0.573,103.7,101.1,90.78,0.349,7.8,0.519,41.5,8.6,5.7,14.3
2003-04,1610612762,Utah Jazz,42,40,0.512,100.0,101.3,88.26,0.321,9.6,0.529,41.2,7.1,6.0,13.1
2004-05,1610612762,Utah Jazz,26,56,0.317,102.9,107.3,90.02,0.328,9.3,0.518,40.1,6.6,4.6,11.2
2005-06,1610612762,Utah Jazz,41,41,0.5,102.4,105.1,89.4,0.336,11.3,0.526,42.1,6.4,6.0,12.4
2006-07,1610612762,Utah Jazz,51,31,0.622,108.6,105.6,92.81,0.335,12.9,0.534,42.5,7.0,4.1,11.1
2007-08,1610612762,Utah Jazz,54,28,0.659,112.1,104.9,94.64,0.372,13.4,0.521,40.9,8.7,4.3,13.0
2008-09,1610612762,Utah Jazz,48,34,0.585,108.5,105.8,94.47,0.349,13.7,0.505,41.0,8.8,4.6,13.4
2009-10,1610612762,Utah Jazz,53,29,0.646,109.7,104.0,94.68,0.364,14.7,0.52,42.2,8.2,4.9,13.1
2010-11,1610612762,Utah Jazz,39,43,0.476,107.0,108.8,92.03,0.346,15.3,0.496,39.5,7.7,5.9,13.6
2011-12,1610612762,Utah Jazz,36,30,0.545,105.5,104.9,92.53,0.323,12.8,0.519,44.2,8.3,5.8,14.1
2012-13,1610612762,Utah Jazz,43,39,0.524,105.4,105.6,92.05,0.366,16.9,0.51,42.0,8.4,6.3,14.7
2013-14,1610612762,Utah Jazz,25,57,0.305,102.4,110.1,92.32,0.344,19.2,0.497,41.2,7.0,4.5,11.5
2014-15,1610612762,Utah Jazz,38,44,0.463,104.2,104.1,91.1,0.343,21.7,0.524,44.0,7.6,6.0,13.6
2015-16,1610612762,Utah Jazz,40,42,0.488,105.0,103.2,91.66,0.355,23.9,0.517,43.2,7.7,5.2,12.9
2016-17,1610612762,Utah Jazz,51,31,0.622,109.0,104.7,92.09,0.372,26.0,0.514,43.2,6.7,5.0,11.7
2017-18,1610612762,Utah Jazz,48,34,0.585,107.4,103.0,96.58,0.366,29.6,0.509,43.3,8.6,5.1,13.7
2018-19,1610612762,Utah Jazz,50,32,0.61,110.3,105.3,100.84,0.356,34.0,0.522,46.4,8.1,5.9,14.0
2019-20,1610612762,Utah Jazz,44,28,0.611,111.8,109.3,99.15,0.38,35.2,0.512,44.9,6.1,4.1,10.2
2020-21,1610612762,Utah Jazz,52,20,0.722,116.5,107.5,99.37,0.389,43.0,0.529,48.3,6.6,5.2,11.8
2021-22,1610612762,Utah Jazz,49,33,0.598,116.2,110.0,97.5,0.36,40.3,0.525,46.3,7.2,4.9,12.1
2022-23,1610612762,Utah Jazz,37,45,0.451,115.3,116.0,101.02,0.353,37.8,0.512,45.9,6.1,5.2,11.3
2023-24,1610612762,Utah Jazz,31,51,0.378,114.5,119.6,100.26,0.354,36.5,0.521,45.5,6.5,5.6,12.1
2024-25,1610612762,Utah Jazz,17,65,0.207,110.2,119.4,100.85,0.35,39.8,0.508,45.4,6.8,4.4,11.2
2025-26,1610612762,Utah Jazz,22,60,0.268,112.7,120.8,103.54,0.345,36.7,0.492,43.8,8.9,3.8,12.7
1996-97,1610612763,Vancouver Grizzlies,14,68,0.171,99.1,110.1,89.7,0.349,15.5,0.469,38.8,8.0,5.7,13.7
1997-98,1610612763,Vancouver Grizzlies,19,63,0.232,102.4,110.2,93.6,0.362,11.0,0.496,41.4,7.5,4.3,11.8
1998-99,1610612763,Vancouver Grizzlies,8,42,0.16,97.1,106.3,90.29,0.327,9.1,0.49,40.2,8.4,4.0,12.4
1999-00,1610612763,Vancouver Grizzlies,22,60,0.268,100.7,106.7,92.46,0.361,11.0,0.501,40.6,7.4,4.2,11.6
2000-01,1610612763,Vancouver Grizzlies,23,59,0.28,98.2,104.2,93.03,0.343,11.5,0.484,40.5,7.1,4.4,11.5
1996-97,1610612764,Washington Bullets,44,38,0.537,105.2,103.7,93.52,0.331,12.2,0.503,41.8,8.7,4.9,13.6
1997-98,1610612764,Washington Wizards,42,40,0.512,103.9,103.2,92.98,0.339,11.5,0.501,42.2,8.4,4.6,13.0
1998-99,1610612764,Washington Wizards,18,32,0.36,99.8,102.1,91.11,0.309,11.6,0.488,40.0,7.9,3.9,11.8
1999-00,1610612764,Washington Wizards,29,53,0.354,101.8,105.2,94.33,0.376,10.9,0.506,42.7,7.2,4.7,11.9
2000-01,1610612764,Washington Wizards,19,63,0.232,99.4,106.2,93.97,0.324,10.3,0.502,41.3,7.7,4.7,12.4
2001-02,1610612764,Washington Wizards,37,45,0.451,102.9,104.5,89.93,0.388,9.6,0.504,42.0,7.0,4.3,11.3
2002-03,1610612764,Washington Wizards,37,45,0.451,101.5,102.6,89.46,0.312,9.9,0.496,40.4,7.6,4.8,12.4
2003-04,1610612764,Washington Wizards,25,57,0.305,97.2,102.9,93.9,0.342,15.5,0.496,42.8,8.9,5.0,13.9
2004-05,1610612764,Washington Wizards,45,37,0.549,105.4,105.9,94.8,0.343,18.3,0.497,42.8,8.7,4.2,12.9
2005-06,1610612764,Washington Wizards,42,40,0.512,107.7,105.8,93.68,0.357,17.0,0.499,41.2,8.0,4.1,12.1
2006-07,1610612764,Washington Wizards,41,41,0.5,108.7,109.1,95.33,0.348,19.7,0.489,41.2,7.7,4.6,12.3
2007-08,1610612764,Washington Wizards,43,39,0.524,107.6,107.9,90.85,0.356,19.7,0.503,41.6,7.7,4.8,12.5
2008-09,1610612764,Washington Wizards,19,63,0.232,104.0,112.1,92.26,0.33,14.6,0.495,40.1,7.5,4.5,12.0
2009-10,1610612764,Washington Wizards,26,56,0.317,103.1,108.3,92.6,0.353,14.9,0.501,41.8,6.0,5.1,11.1
2010-11,1610612764,Washington Wizards,23,59,0.28,101.3,109.1,94.76,0.332,14.4,0.488,41.3,8.1,6.1,14.2
2011-12,1610612764,Washington Wizards,20,46,0.303,100.0,104.9,93.59,0.32,16.3,0.489,41.7,8.0,6.3,14.3
2012-13,1610612764,Washington Wizards,29,53,0.354,99.3,101.6,93.23,0.365,18.2,0.491,43.2,7.3,4.6,11.9
2013-14,1610612764,Washington Wizards,44,38,0.537,104.9,103.6,94.18,0.38,20.8,0.498,42.2,8.1,4.6,12.7
2014-15,1610612764,Washington Wizards,46,36,0.561,103.0,102.4,94.29,0.36,16.8,0.514,44.7,7.3,4.6,11.9
2015-16,1610612764,Washington Wizards,41,41,0.5,104.5,105.1,99.16,0.358,24.2,0.49,41.8,8.6,3.9,12.5
2016-17,1610612764,Washington Wizards,49,33,0.598,110.4,108.8,97.94,0.372,24.8,0.501,42.9,8.5,4.1,12.6
2017-18,1610612764,Washington Wizards,43,39,0.524,108.1,107.7,97.67,0.375,26.5,0.504,43.1,7.9,4.3,12.2
2018-19,1610612764,Washington Wizards,32,50,0.39,110.2,112.9,102.23,0.341,33.3,0.477,42.4,8.3,4.6,12.9
2019-20,1610612764,Washington Wizards,25,47,0.347,110.2,114.7,103.38,0.368,32.6,0.478,42.0,8.0,4.3,12.3
2020-21,1610612764,Washington Wizards,34,38,0.472,110.7,112.3,104.67,0.351,29.0,0.494,45.2,7.3,4.1,11.4
2021-22,1610612764,Washington Wizards,35,47,0.427,110.2,113.6,97.8,0.342,30.6,0.494,43.1,6.4,5.0,11.4
2022-23,1610612764,Washington Wizards,35,47,0.427,113.7,114.9,99.16,0.356,31.7,0.505,43.6,6.8,5.2,12.0
2023-24,1610612764,Washington Wizards,15,67,0.183,110.2,118.9,103.07,0.348,35.5,0.459,41.1,7.6,5.1,12.7
2024-25,1610612764,Washington Wizards,18,64,0.22,105.8,118.0,101.82,0.335,39.1,0.476,43.7,7.6,5.1,12.7
2025-26,1610612764,Washington Wizards,17,65,0.207,109.7,121.5,102.49,0.359,36.4,0.471,41.9,8.0,5.5,13.5
